new_id,new_name,new_slot,new_rarity,other_id,other_name,other_slot,other_rarity,relationship,rule_or_tradeoff,validation_status
dullPunch,Тупой дырокол,Оружие,Uncommon,paperKnife,Нож для бумаги,Оружие,Common,Один слот — только замена,Оба предмета занимают слот «Оружие». Новый заменяет прежний; при оценке добычи связь со снимаемой вещью не учитывается.,Проектная классификация; боевое исполнение новых правил не проверено
dullPunch,Тупой дырокол,Оружие,Uncommon,stylus,Стальной стилус,Оружие,Common,Один слот — только замена,Оба предмета занимают слот «Оружие». Новый заменяет прежний; при оценке добычи связь со снимаемой вещью не учитывается.,Проектная классификация; боевое исполнение новых правил не проверено
dullPunch,Тупой дырокол,Оружие,Uncommon,coat,Рабочая куртка,Одежда,Common,Нет специальной связи,"Новый механизм: обычная тройка черепов меняет базовый урон на барьер. Вторая вещь имеет независимое условие; специального преобразования выхода в её триггер не заявлено. Общие правила ресурсов, барьера 6, инициативы и смерти сохраняются.",Проектная классификация; боевое исполнение новых правил не проверено
dullPunch,Тупой дырокол,Оружие,Uncommon,apron,Фартук подмастерья,Одежда,Common,Компромисс / условность,Существующий барьер уменьшает объём обмена Дырокола; сумма не выше 6. При полном барьере урон тройки не отнимается.,Проектная классификация; боевое исполнение новых правил не проверено
dullPunch,Тупой дырокол,Оружие,Uncommon,copperClip,Медная скрепка,Талисман,Common,Нет специальной связи,"Новый механизм: обычная тройка черепов меняет базовый урон на барьер. Вторая вещь имеет независимое условие; специального преобразования выхода в её триггер не заявлено. Общие правила ресурсов, барьера 6, инициативы и смерти сохраняются.",Проектная классификация; боевое исполнение новых правил не проверено
dullPunch,Тупой дырокол,Оружие,Uncommon,bluePass,Синий пропуск,Талисман,Common,Нет специальной связи,"Новый механизм: обычная тройка черепов меняет базовый урон на барьер. Вторая вещь имеет независимое условие; специального преобразования выхода в её триггер не заявлено. Общие правила ресурсов, барьера 6, инициативы и смерти сохраняются.",Проектная классификация; боевое исполнение новых правил не проверено
dullPunch,Тупой дырокол,Оружие,Uncommon,scholar,Печать стажёра,Кольцо,Common,Нет специальной связи,"Новый механизм: обычная тройка черепов меняет базовый урон на барьер. Вторая вещь имеет независимое условие; специального преобразования выхода в её триггер не заявлено. Общие правила ресурсов, барьера 6, инициативы и смерти сохраняются.",Проектная классификация; боевое исполнение новых правил не проверено
dullPunch,Тупой дырокол,Оружие,Uncommon,abacus,Счётные костяшки,Кольцо,Common,Компромисс / условность,Существующий барьер уменьшает объём обмена Дырокола; сумма не выше 6. При полном барьере урон тройки не отнимается.,Проектная классификация; боевое исполнение новых правил не проверено
dullPunch,Тупой дырокол,Оружие,Uncommon,tideNeedle,Игла прилива,Оружие,Uncommon,Один слот — только замена,Оба предмета занимают слот «Оружие». Новый заменяет прежний; при оценке добычи связь со снимаемой вещью не учитывается.,Проектная классификация; боевое исполнение новых правил не проверено
dullPunch,Тупой дырокол,Оружие,Uncommon,chargeSeal,Молоток наборщика,Оружие,Uncommon,Один слот — только замена,Оба предмета занимают слот «Оружие». Новый заменяет прежний; при оценке добычи связь со снимаемой вещью не учитывается.,Проектная классификация; боевое исполнение новых правил не проверено
dullPunch,Тупой дырокол,Оружие,Uncommon,pocketVest,Карманный жилет,Одежда,Uncommon,Компромисс / условность,Существующий барьер уменьшает объём обмена Дырокола; сумма не выше 6. При полном барьере урон тройки не отнимается.,Проектная классификация; боевое исполнение новых правил не проверено
dullPunch,Тупой дырокол,Оружие,Uncommon,answerCloak,Плащ ответа,Одежда,Uncommon,Компромисс / условность,В барьер уходит только до 2 единиц базы выбранной тройки. Добавки Плаща/Книги и множитель Тени сохраняют свой порядок. Защита снижает будущую вероятность потери HP для Плаща ответа.,Проектная классификация; боевое исполнение новых правил не проверено
dullPunch,Тупой дырокол,Оружие,Uncommon,tidePurse,Кошелёк прилива,Талисман,Uncommon,Нет специальной связи,"Новый механизм: обычная тройка черепов меняет базовый урон на барьер. Вторая вещь имеет независимое условие; специального преобразования выхода в её триггер не заявлено. Общие правила ресурсов, барьера 6, инициативы и смерти сохраняются.",Проектная классификация; боевое исполнение новых правил не проверено
dullPunch,Тупой дырокол,Оружие,Uncommon,reservoir,Резервуар,Талисман,Uncommon,Нет специальной связи,"Новый механизм: обычная тройка черепов меняет базовый урон на барьер. Вторая вещь имеет независимое условие; специального преобразования выхода в её триггер не заявлено. Общие правила ресурсов, барьера 6, инициативы и смерти сохраняются.",Проектная классификация; боевое исполнение новых правил не проверено
dullPunch,Тупой дырокол,Оружие,Uncommon,wick,Фитиль,Талисман,Uncommon,Компромисс / условность,Взрывной череп делает соответствующую тройку неподходящей Дыроколу; обычные тройки продолжают работать.,Проектная классификация; боевое исполнение новых правил не проверено
dullPunch,Тупой дырокол,Оружие,Uncommon,conductor,Кольцо проводника,Кольцо,Uncommon,Нет специальной связи,"Новый механизм: обычная тройка черепов меняет базовый урон на барьер. Вторая вещь имеет независимое условие; специального преобразования выхода в её триггер не заявлено. Общие правила ресурсов, барьера 6, инициативы и смерти сохраняются.",Проектная классификация; боевое исполнение новых правил не проверено
dullPunch,Тупой дырокол,Оружие,Uncommon,fullBlade,Полный клинок,Оружие,Rare,Один слот — только замена,Оба предмета занимают слот «Оружие». Новый заменяет прежний; при оценке добычи связь со снимаемой вещью не учитывается.,Проектная классификация; боевое исполнение новых правил не проверено
dullPunch,Тупой дырокол,Оружие,Uncommon,contractBlade,Договорной клинок,Оружие,Rare,Один слот — только замена,Оба предмета занимают слот «Оружие». Новый заменяет прежний; при оценке добычи связь со снимаемой вещью не учитывается.,Проектная классификация; боевое исполнение новых правил не проверено
dullPunch,Тупой дырокол,Оружие,Uncommon,veil,Плащ тени,Одежда,Rare,Компромисс / условность,В барьер уходит только до 2 единиц базы выбранной тройки. Добавки Плаща/Книги и множитель Тени сохраняют свой порядок. Защита снижает будущую вероятность потери HP для Плаща ответа.,Проектная классификация; боевое исполнение новых правил не проверено
dullPunch,Тупой дырокол,Оружие,Uncommon,overflowRobe,Мантия переполнения,Одежда,Rare,Компромисс / условность,Существующий барьер уменьшает объём обмена Дырокола; сумма не выше 6. При полном барьере урон тройки не отнимается.,Проектная классификация; боевое исполнение новых правил не проверено
dullPunch,Тупой дырокол,Оружие,Uncommon,catalyst,Катализатор,Талисман,Rare,Нет специальной связи,"Новый механизм: обычная тройка черепов меняет базовый урон на барьер. Вторая вещь имеет независимое условие; специального преобразования выхода в её триггер не заявлено. Общие правила ресурсов, барьера 6, инициативы и смерти сохраняются.",Проектная классификация; боевое исполнение новых правил не проверено
dullPunch,Тупой дырокол,Оружие,Uncommon,mint,Монетный пресс,Кольцо,Rare,Тактическая связь,Череп Пресса может стать обычной тройкой для защиты. Он общий; создание не гарантирует будущий сбор владельцем.,Проектная классификация; боевое исполнение новых правил не проверено
dullPunch,Тупой дырокол,Оружие,Uncommon,ward,Сухая печать,Кольцо,Rare,Нет специальной связи,"Новый механизм: обычная тройка черепов меняет базовый урон на барьер. Вторая вещь имеет независимое условие; специального преобразования выхода в её триггер не заявлено. Общие правила ресурсов, барьера 6, инициативы и смерти сохраняются.",Проектная классификация; боевое исполнение новых правил не проверено
dullPunch,Тупой дырокол,Оружие,Uncommon,bloodInkwell,Кровавая чернильница,Кольцо,Rare,Нет специальной связи,"Новый механизм: обычная тройка черепов меняет базовый урон на барьер. Вторая вещь имеет независимое условие; специального преобразования выхода в её триггер не заявлено. Общие правила ресурсов, барьера 6, инициативы и смерти сохраняются.",Проектная классификация; боевое исполнение новых правил не проверено
dullPunch,Тупой дырокол,Оружие,Uncommon,quarterCutter,Четвертной резак,Оружие,Very Rare,Один слот — только замена,Оба предмета занимают слот «Оружие». Новый заменяет прежний; при оценке добычи связь со снимаемой вещью не учитывается.,Проектная классификация; боевое исполнение новых правил не проверено
dullPunch,Тупой дырокол,Оружие,Uncommon,mirrorVest,Зеркальная жилетка,Одежда,Very Rare,Прямая связь эффектов,"Барьер Дырокола доступен отражению Жилетки: общий предел барьера 6, отражения 3/действие врага; оба источника могут упереться в предел.",Проектная классификация; боевое исполнение новых правил не проверено
dullPunch,Тупой дырокол,Оружие,Uncommon,insurance,Страховой полис,Талисман,Very Rare,Компромисс / условность,"Полис оставляет 6 барьера, пока тот не потрачен, Дырокол не перенаправляет урон. Его защита не восстанавливает использованный Полис.",Проектная классификация; боевое исполнение новых правил не проверено
dullPunch,Тупой дырокол,Оружие,Uncommon,carbonPaper,Копирка,Талисман,Very Rare,Нет специальной связи,"Новый механизм: обычная тройка черепов меняет базовый урон на барьер. Вторая вещь имеет независимое условие; специального преобразования выхода в её триггер не заявлено. Общие правила ресурсов, барьера 6, инициативы и смерти сохраняются.",Проектная классификация; боевое исполнение новых правил не проверено
dullPunch,Тупой дырокол,Оружие,Uncommon,capacitor,Кольцо-конденсатор,Кольцо,Very Rare,Нет специальной связи,"Новый механизм: обычная тройка черепов меняет базовый урон на барьер. Вторая вещь имеет независимое условие; специального преобразования выхода в её триггер не заявлено. Общие правила ресурсов, барьера 6, инициативы и смерти сохраняются.",Проектная классификация; боевое исполнение новых правил не проверено
dullPunch,Тупой дырокол,Оружие,Uncommon,directorPen,Перо директора,Оружие,Legendary,Один слот — только замена,Оба предмета занимают слот «Оружие». Новый заменяет прежний; при оценке добычи связь со снимаемой вещью не учитывается.,Проектная классификация; боевое исполнение новых правил не проверено
dullPunch,Тупой дырокол,Оружие,Uncommon,spinningTop,Вечная юла,Талисман,Legendary,Нет специальной связи,"Новый механизм: обычная тройка черепов меняет базовый урон на барьер. Вторая вещь имеет независимое условие; специального преобразования выхода в её триггер не заявлено. Общие правила ресурсов, барьера 6, инициативы и смерти сохраняются.",Проектная классификация; боевое исполнение новых правил не проверено
dullPunch,Тупой дырокол,Оружие,Uncommon,infiniteDiploma,Диплом бесконечности,Кольцо,Legendary,Нет специальной связи,"Новый механизм: обычная тройка черепов меняет базовый урон на барьер. Вторая вещь имеет независимое условие; специального преобразования выхода в её триггер не заявлено. Общие правила ресурсов, барьера 6, инициативы и смерти сохраняются.",Проектная классификация; боевое исполнение новых правил не проверено
dullPunch,Тупой дырокол,Оружие,Uncommon,graphite,Графитовый резец,Оружие,Common,Один слот — только замена,Оба предмета занимают слот «Оружие». Новый заменяет прежний; при оценке добычи связь со снимаемой вещью не учитывается.,Проектная классификация; боевое исполнение новых правил не проверено
dullPunch,Тупой дырокол,Оружие,Uncommon,cottonCuffs,Хлопковые манжеты,Одежда,Common,Нет специальной связи,"Новый механизм: обычная тройка черепов меняет базовый урон на барьер. Вторая вещь имеет независимое условие; специального преобразования выхода в её триггер не заявлено. Общие правила ресурсов, барьера 6, инициативы и смерти сохраняются.",Проектная классификация; боевое исполнение новых правил не проверено
dullPunch,Тупой дырокол,Оружие,Uncommon,teaBag,Чайный пакетик,Талисман,Common,Нет специальной связи,"Новый механизм: обычная тройка черепов меняет базовый урон на барьер. Вторая вещь имеет независимое условие; специального преобразования выхода в её триггер не заявлено. Общие правила ресурсов, барьера 6, инициативы и смерти сохраняются.",Проектная классификация; боевое исполнение новых правил не проверено
dullPunch,Тупой дырокол,Оружие,Uncommon,lens,Линза корректора,Кольцо,Common,Нет специальной связи,"Новый механизм: обычная тройка черепов меняет базовый урон на барьер. Вторая вещь имеет независимое условие; специального преобразования выхода в её триггер не заявлено. Общие правила ресурсов, барьера 6, инициативы и смерти сохраняются.",Проектная классификация; боевое исполнение новых правил не проверено
dullPunch,Тупой дырокол,Оружие,Uncommon,emberKnife,Раскалённый нож,Оружие,Uncommon,Один слот — только замена,Оба предмета занимают слот «Оружие». Новый заменяет прежний; при оценке добычи связь со снимаемой вещью не учитывается.,Проектная классификация; боевое исполнение новых правил не проверено
dullPunch,Тупой дырокол,Оружие,Uncommon,archiveVest,Архивный жилет,Одежда,Uncommon,Компромисс / условность,Существующий барьер уменьшает объём обмена Дырокола; сумма не выше 6. При полном барьере урон тройки не отнимается.,Проектная классификация; боевое исполнение новых правил не проверено
dullPunch,Тупой дырокол,Оружие,Uncommon,metronome,Метроном,Талисман,Uncommon,Нет специальной связи,"Новый механизм: обычная тройка черепов меняет базовый урон на барьер. Вторая вещь имеет независимое условие; специального преобразования выхода в её триггер не заявлено. Общие правила ресурсов, барьера 6, инициативы и смерти сохраняются.",Проектная классификация; боевое исполнение новых правил не проверено
dullPunch,Тупой дырокол,Оружие,Uncommon,fireSeal,Угольная печать,Кольцо,Uncommon,Общий физический триггер,"Физические три черепа остаются собранными, несмотря на перенаправление урона; Печать получает свой огонь.",Проектная классификация; боевое исполнение новых правил не проверено
dullPunch,Тупой дырокол,Оружие,Uncommon,mortgage,Клинок закладной,Оружие,Rare,Один слот — только замена,Оба предмета занимают слот «Оружие». Новый заменяет прежний; при оценке добычи связь со снимаемой вещью не учитывается.,Проектная классификация; боевое исполнение новых правил не проверено
dullPunch,Тупой дырокол,Оружие,Uncommon,saltCoat,Соляной плащ,Одежда,Rare,Компромисс / условность,Существующий барьер уменьшает объём обмена Дырокола; сумма не выше 6. При полном барьере урон тройки не отнимается.,Проектная классификация; боевое исполнение новых правил не проверено
dullPunch,Тупой дырокол,Оружие,Uncommon,prism,Трёхгранная призма,Талисман,Rare,Нет специальной связи,"Новый механизм: обычная тройка черепов меняет базовый урон на барьер. Вторая вещь имеет независимое условие; специального преобразования выхода в её триггер не заявлено. Общие правила ресурсов, барьера 6, инициативы и смерти сохраняются.",Проектная классификация; боевое исполнение новых правил не проверено
dullPunch,Тупой дырокол,Оружие,Uncommon,waterwheel,Водяное колесо,Кольцо,Rare,Нет специальной связи,"Новый механизм: обычная тройка черепов меняет базовый урон на барьер. Вторая вещь имеет независимое условие; специального преобразования выхода в её триггер не заявлено. Общие правила ресурсов, барьера 6, инициативы и смерти сохраняются.",Проектная классификация; боевое исполнение новых правил не проверено
dullPunch,Тупой дырокол,Оружие,Uncommon,glassNib,Стеклянное перо,Оружие,Very Rare,Один слот — только замена,Оба предмета занимают слот «Оружие». Новый заменяет прежний; при оценке добычи связь со снимаемой вещью не учитывается.,Проектная классификация; боевое исполнение новых правил не проверено
dullPunch,Тупой дырокол,Оружие,Uncommon,ledger,Долговая книга,Талисман,Very Rare,Компромисс / условность,В барьер уходит только до 2 единиц базы выбранной тройки. Добавки Плаща/Книги и множитель Тени сохраняют свой порядок. Защита снижает будущую вероятность потери HP для Плаща ответа.,Проектная классификация; боевое исполнение новых правил не проверено
dullPunch,Тупой дырокол,Оружие,Uncommon,goldenLining,Золотая подкладка,Одежда,Legendary,Нет специальной связи,"Новый механизм: обычная тройка черепов меняет базовый урон на барьер. Вторая вещь имеет независимое условие; специального преобразования выхода в её триггер не заявлено. Общие правила ресурсов, барьера 6, инициативы и смерти сохраняются.",Проектная классификация; боевое исполнение новых правил не проверено
dullPunch,Тупой дырокол,Оружие,Uncommon,eclipseRing,Кольцо смены,Кольцо,Legendary,Нет специальной связи,"Новый механизм: обычная тройка черепов меняет базовый урон на барьер. Вторая вещь имеет независимое условие; специального преобразования выхода в её триггер не заявлено. Общие правила ресурсов, барьера 6, инициативы и смерти сохраняются.",Проектная классификация; боевое исполнение новых правил не проверено
auditPencil,Карандаш аудитора,Оружие,Rare,paperKnife,Нож для бумаги,Оружие,Common,Один слот — только замена,Оба предмета занимают слот «Оружие». Новый заменяет прежний; при оценке добычи связь со снимаемой вещью не учитывается.,Проектная классификация; боевое исполнение новых правил не проверено
auditPencil,Карандаш аудитора,Оружие,Rare,stylus,Стальной стилус,Оружие,Common,Один слот — только замена,Оба предмета занимают слот «Оружие». Новый заменяет прежний; при оценке добычи связь со снимаемой вещью не учитывается.,Проектная классификация; боевое исполнение новых правил не проверено
auditPencil,Карандаш аудитора,Оружие,Rare,coat,Рабочая куртка,Одежда,Common,Нет специальной связи,"Новый механизм: стихия первой волны меняет единицу добычи на уничтожение чужой маны. Вторая вещь имеет независимое условие; специального преобразования выхода в её триггер не заявлено. Общие правила ресурсов, барьера 6, инициативы и смерти сохраняются.",Проектная классификация; боевое исполнение новых правил не проверено
auditPencil,Карандаш аудитора,Оружие,Rare,apron,Фартук подмастерья,Одежда,Common,Общий физический триггер,Подходящие реальные цветные фишки сохраняются для существующего триггера. Уничтожение чужой маны и подарки не являются новым физическим сбором.,Проектная классификация; боевое исполнение новых правил не проверено
auditPencil,Карандаш аудитора,Оружие,Rare,copperClip,Медная скрепка,Талисман,Common,Общий физический триггер,Подходящие реальные цветные фишки сохраняются для существующего триггера. Уничтожение чужой маны и подарки не являются новым физическим сбором.,Проектная классификация; боевое исполнение новых правил не проверено
auditPencil,Карандаш аудитора,Оружие,Rare,bluePass,Синий пропуск,Талисман,Common,Нет специальной связи,"Новый механизм: стихия первой волны меняет единицу добычи на уничтожение чужой маны. Вторая вещь имеет независимое условие; специального преобразования выхода в её триггер не заявлено. Общие правила ресурсов, барьера 6, инициативы и смерти сохраняются.",Проектная классификация; боевое исполнение новых правил не проверено
auditPencil,Карандаш аудитора,Оружие,Rare,scholar,Печать стажёра,Кольцо,Common,Нет специальной связи,"Новый механизм: стихия первой волны меняет единицу добычи на уничтожение чужой маны. Вторая вещь имеет независимое условие; специального преобразования выхода в её триггер не заявлено. Общие правила ресурсов, барьера 6, инициативы и смерти сохраняются.",Проектная классификация; боевое исполнение новых правил не проверено
auditPencil,Карандаш аудитора,Оружие,Rare,abacus,Счётные костяшки,Кольцо,Common,Нет специальной связи,"Новый механизм: стихия первой волны меняет единицу добычи на уничтожение чужой маны. Вторая вещь имеет независимое условие; специального преобразования выхода в её триггер не заявлено. Общие правила ресурсов, барьера 6, инициативы и смерти сохраняются.",Проектная классификация; боевое исполнение новых правил не проверено
auditPencil,Карандаш аудитора,Оружие,Rare,tideNeedle,Игла прилива,Оружие,Uncommon,Один слот — только замена,Оба предмета занимают слот «Оружие». Новый заменяет прежний; при оценке добычи связь со снимаемой вещью не учитывается.,Проектная классификация; боевое исполнение новых правил не проверено
auditPencil,Карандаш аудитора,Оружие,Rare,chargeSeal,Молоток наборщика,Оружие,Uncommon,Один слот — только замена,Оба предмета занимают слот «Оружие». Новый заменяет прежний; при оценке добычи связь со снимаемой вещью не учитывается.,Проектная классификация; боевое исполнение новых правил не проверено
auditPencil,Карандаш аудитора,Оружие,Rare,pocketVest,Карманный жилет,Одежда,Uncommon,Нет специальной связи,"Новый механизм: стихия первой волны меняет единицу добычи на уничтожение чужой маны. Вторая вещь имеет независимое условие; специального преобразования выхода в её триггер не заявлено. Общие правила ресурсов, барьера 6, инициативы и смерти сохраняются.",Проектная классификация; боевое исполнение новых правил не проверено
auditPencil,Карандаш аудитора,Оружие,Rare,answerCloak,Плащ ответа,Одежда,Uncommon,Нет специальной связи,"Новый механизм: стихия первой волны меняет единицу добычи на уничтожение чужой маны. Вторая вещь имеет независимое условие; специального преобразования выхода в её триггер не заявлено. Общие правила ресурсов, барьера 6, инициативы и смерти сохраняются.",Проектная классификация; боевое исполнение новых правил не проверено
auditPencil,Карандаш аудитора,Оружие,Rare,tidePurse,Кошелёк прилива,Талисман,Uncommon,Общий физический триггер,"Обычная водяная тройка первой волны сохраняет все 3 физические воды: включаются водяные эффекты, но базовая вода уменьшается на 1, если есть что уничтожать у врага.",Проектная классификация; боевое исполнение новых правил не проверено
auditPencil,Карандаш аудитора,Оружие,Rare,reservoir,Резервуар,Талисман,Uncommon,Компромисс / условность,"Карандаш перенаправляет единицу будущей добычи, Резервуар увеличивает вместимость. Запас заполняется медленнее; уничтожение чужой маны не приносит дополнительную ману герою.",Проектная классификация; боевое исполнение новых правил не проверено
auditPencil,Карандаш аудитора,Оружие,Rare,wick,Фитиль,Талисман,Uncommon,Нет специальной связи,"Новый механизм: стихия первой волны меняет единицу добычи на уничтожение чужой маны. Вторая вещь имеет независимое условие; специального преобразования выхода в её триггер не заявлено. Общие правила ресурсов, барьера 6, инициативы и смерти сохраняются.",Проектная классификация; боевое исполнение новых правил не проверено
auditPencil,Карандаш аудитора,Оружие,Rare,conductor,Кольцо проводника,Кольцо,Uncommon,Общий физический триггер,Подходящие реальные цветные фишки сохраняются для существующего триггера. Уничтожение чужой маны и подарки не являются новым физическим сбором.,Проектная классификация; боевое исполнение новых правил не проверено
auditPencil,Карандаш аудитора,Оружие,Rare,fullBlade,Полный клинок,Оружие,Rare,Один слот — только замена,Оба предмета занимают слот «Оружие». Новый заменяет прежний; при оценке добычи связь со снимаемой вещью не учитывается.,Проектная классификация; боевое исполнение новых правил не проверено
auditPencil,Карандаш аудитора,Оружие,Rare,contractBlade,Договорной клинок,Оружие,Rare,Один слот — только замена,Оба предмета занимают слот «Оружие». Новый заменяет прежний; при оценке добычи связь со снимаемой вещью не учитывается.,Проектная классификация; боевое исполнение новых правил не проверено
auditPencil,Карандаш аудитора,Оружие,Rare,veil,Плащ тени,Одежда,Rare,Нет специальной связи,"Новый механизм: стихия первой волны меняет единицу добычи на уничтожение чужой маны. Вторая вещь имеет независимое условие; специального преобразования выхода в её триггер не заявлено. Общие правила ресурсов, барьера 6, инициативы и смерти сохраняются.",Проектная классификация; боевое исполнение новых правил не проверено
auditPencil,Карандаш аудитора,Оружие,Rare,overflowRobe,Мантия переполнения,Одежда,Rare,Компромисс / условность,"Перенаправленная 1 мана не становится переливом; Мантия считает лишь реально оставшийся избыток, физический цвет сохраняется.",Проектная классификация; боевое исполнение новых правил не проверено
auditPencil,Карандаш аудитора,Оружие,Rare,catalyst,Катализатор,Талисман,Rare,Нет специальной связи,"Новый механизм: стихия первой волны меняет единицу добычи на уничтожение чужой маны. Вторая вещь имеет независимое условие; специального преобразования выхода в её триггер не заявлено. Общие правила ресурсов, барьера 6, инициативы и смерти сохраняются.",Проектная классификация; боевое исполнение новых правил не проверено
auditPencil,Карандаш аудитора,Оружие,Rare,mint,Монетный пресс,Кольцо,Rare,Нет специальной связи,"Новый механизм: стихия первой волны меняет единицу добычи на уничтожение чужой маны. Вторая вещь имеет независимое условие; специального преобразования выхода в её триггер не заявлено. Общие правила ресурсов, барьера 6, инициативы и смерти сохраняются.",Проектная классификация; боевое исполнение новых правил не проверено
auditPencil,Карандаш аудитора,Оружие,Rare,ward,Сухая печать,Кольцо,Rare,Тактическая связь,"Отрицание видимой цены может не дать врагу применить spell; Сухая печать отдельно отменяет уже применённую вражескую магию. Это разные события, не двойное списание.",Проектная классификация; боевое исполнение новых правил не проверено
auditPencil,Карандаш аудитора,Оружие,Rare,bloodInkwell,Кровавая чернильница,Кольцо,Rare,Нет специальной связи,"Новый механизм: стихия первой волны меняет единицу добычи на уничтожение чужой маны. Вторая вещь имеет независимое условие; специального преобразования выхода в её триггер не заявлено. Общие правила ресурсов, барьера 6, инициативы и смерти сохраняются.",Проектная классификация; боевое исполнение новых правил не проверено
auditPencil,Карандаш аудитора,Оружие,Rare,quarterCutter,Четвертной резак,Оружие,Very Rare,Один слот — только замена,Оба предмета занимают слот «Оружие». Новый заменяет прежний; при оценке добычи связь со снимаемой вещью не учитывается.,Проектная классификация; боевое исполнение новых правил не проверено
auditPencil,Карандаш аудитора,Оружие,Rare,mirrorVest,Зеркальная жилетка,Одежда,Very Rare,Нет специальной связи,"Новый механизм: стихия первой волны меняет единицу добычи на уничтожение чужой маны. Вторая вещь имеет независимое условие; специального преобразования выхода в её триггер не заявлено. Общие правила ресурсов, барьера 6, инициативы и смерти сохраняются.",Проектная классификация; боевое исполнение новых правил не проверено
auditPencil,Карандаш аудитора,Оружие,Rare,insurance,Страховой полис,Талисман,Very Rare,Нет специальной связи,"Новый механизм: стихия первой волны меняет единицу добычи на уничтожение чужой маны. Вторая вещь имеет независимое условие; специального преобразования выхода в её триггер не заявлено. Общие правила ресурсов, барьера 6, инициативы и смерти сохраняются.",Проектная классификация; боевое исполнение новых правил не проверено
auditPencil,Карандаш аудитора,Оружие,Rare,carbonPaper,Копирка,Талисман,Very Rare,Нет специальной связи,"Новый механизм: стихия первой волны меняет единицу добычи на уничтожение чужой маны. Вторая вещь имеет независимое условие; специального преобразования выхода в её триггер не заявлено. Общие правила ресурсов, барьера 6, инициативы и смерти сохраняются.",Проектная классификация; боевое исполнение новых правил не проверено
auditPencil,Карандаш аудитора,Оружие,Rare,capacitor,Кольцо-конденсатор,Кольцо,Very Rare,Нет специальной связи,"Единица добычи, ушедшая на отрицание, не считается оплатой заклинания и не заряжает Конденсатор.",Проектная классификация; боевое исполнение новых правил не проверено
auditPencil,Карандаш аудитора,Оружие,Rare,directorPen,Перо директора,Оружие,Legendary,Один слот — только замена,Оба предмета занимают слот «Оружие». Новый заменяет прежний; при оценке добычи связь со снимаемой вещью не учитывается.,Проектная классификация; боевое исполнение новых правил не проверено
auditPencil,Карандаш аудитора,Оружие,Rare,spinningTop,Вечная юла,Талисман,Legendary,Нет специальной связи,"Новый механизм: стихия первой волны меняет единицу добычи на уничтожение чужой маны. Вторая вещь имеет независимое условие; специального преобразования выхода в её триггер не заявлено. Общие правила ресурсов, барьера 6, инициативы и смерти сохраняются.",Проектная классификация; боевое исполнение новых правил не проверено
auditPencil,Карандаш аудитора,Оружие,Rare,infiniteDiploma,Диплом бесконечности,Кольцо,Legendary,Тактическая связь,Диплом даёт подарки маны со звёзд; они не активируют отрицание. Карандаш требует обычную цветную группу первой волны.,Проектная классификация; боевое исполнение новых правил не проверено
auditPencil,Карандаш аудитора,Оружие,Rare,graphite,Графитовый резец,Оружие,Common,Один слот — только замена,Оба предмета занимают слот «Оружие». Новый заменяет прежний; при оценке добычи связь со снимаемой вещью не учитывается.,Проектная классификация; боевое исполнение новых правил не проверено
auditPencil,Карандаш аудитора,Оружие,Rare,cottonCuffs,Хлопковые манжеты,Одежда,Common,Общий физический триггер,"Обычная водяная тройка первой волны сохраняет все 3 физические воды: включаются водяные эффекты, но базовая вода уменьшается на 1, если есть что уничтожать у врага.",Проектная классификация; боевое исполнение новых правил не проверено
auditPencil,Карандаш аудитора,Оружие,Rare,teaBag,Чайный пакетик,Талисман,Common,Общий физический триггер,Подходящие реальные цветные фишки сохраняются для существующего триггера. Уничтожение чужой маны и подарки не являются новым физическим сбором.,Проектная классификация; боевое исполнение новых правил не проверено
auditPencil,Карандаш аудитора,Оружие,Rare,lens,Линза корректора,Кольцо,Common,Нет специальной связи,"Новый механизм: стихия первой волны меняет единицу добычи на уничтожение чужой маны. Вторая вещь имеет независимое условие; специального преобразования выхода в её триггер не заявлено. Общие правила ресурсов, барьера 6, инициативы и смерти сохраняются.",Проектная классификация; боевое исполнение новых правил не проверено
auditPencil,Карандаш аудитора,Оружие,Rare,emberKnife,Раскалённый нож,Оружие,Uncommon,Один слот — только замена,Оба предмета занимают слот «Оружие». Новый заменяет прежний; при оценке добычи связь со снимаемой вещью не учитывается.,Проектная классификация; боевое исполнение новых правил не проверено
auditPencil,Карандаш аудитора,Оружие,Rare,archiveVest,Архивный жилет,Одежда,Uncommon,Нет специальной связи,"Новый механизм: стихия первой волны меняет единицу добычи на уничтожение чужой маны. Вторая вещь имеет независимое условие; специального преобразования выхода в её триггер не заявлено. Общие правила ресурсов, барьера 6, инициативы и смерти сохраняются.",Проектная классификация; боевое исполнение новых правил не проверено
auditPencil,Карандаш аудитора,Оружие,Rare,metronome,Метроном,Талисман,Uncommon,Общий физический триггер,Подходящие реальные цветные фишки сохраняются для существующего триггера. Уничтожение чужой маны и подарки не являются новым физическим сбором.,Проектная классификация; боевое исполнение новых правил не проверено
auditPencil,Карандаш аудитора,Оружие,Rare,fireSeal,Угольная печать,Кольцо,Uncommon,Нет специальной связи,"Новый механизм: стихия первой волны меняет единицу добычи на уничтожение чужой маны. Вторая вещь имеет независимое условие; специального преобразования выхода в её триггер не заявлено. Общие правила ресурсов, барьера 6, инициативы и смерти сохраняются.",Проектная классификация; боевое исполнение новых правил не проверено
auditPencil,Карандаш аудитора,Оружие,Rare,mortgage,Клинок закладной,Оружие,Rare,Один слот — только замена,Оба предмета занимают слот «Оружие». Новый заменяет прежний; при оценке добычи связь со снимаемой вещью не учитывается.,Проектная классификация; боевое исполнение новых правил не проверено
auditPencil,Карандаш аудитора,Оружие,Rare,saltCoat,Соляной плащ,Одежда,Rare,Нет специальной связи,"Новый механизм: стихия первой волны меняет единицу добычи на уничтожение чужой маны. Вторая вещь имеет независимое условие; специального преобразования выхода в её триггер не заявлено. Общие правила ресурсов, барьера 6, инициативы и смерти сохраняются.",Проектная классификация; боевое исполнение новых правил не проверено
auditPencil,Карандаш аудитора,Оружие,Rare,prism,Трёхгранная призма,Талисман,Rare,Общий физический триггер,Подходящие реальные цветные фишки сохраняются для существующего триггера. Уничтожение чужой маны и подарки не являются новым физическим сбором.,Проектная классификация; боевое исполнение новых правил не проверено
auditPencil,Карандаш аудитора,Оружие,Rare,waterwheel,Водяное колесо,Кольцо,Rare,Общий физический триггер,"Обычная водяная тройка первой волны сохраняет все 3 физические воды: включаются водяные эффекты, но базовая вода уменьшается на 1, если есть что уничтожать у врага.",Проектная классификация; боевое исполнение новых правил не проверено
auditPencil,Карандаш аудитора,Оружие,Rare,glassNib,Стеклянное перо,Оружие,Very Rare,Один слот — только замена,Оба предмета занимают слот «Оружие». Новый заменяет прежний; при оценке добычи связь со снимаемой вещью не учитывается.,Проектная классификация; боевое исполнение новых правил не проверено
auditPencil,Карандаш аудитора,Оружие,Rare,ledger,Долговая книга,Талисман,Very Rare,Нет специальной связи,"Новый механизм: стихия первой волны меняет единицу добычи на уничтожение чужой маны. Вторая вещь имеет независимое условие; специального преобразования выхода в её триггер не заявлено. Общие правила ресурсов, барьера 6, инициативы и смерти сохраняются.",Проектная классификация; боевое исполнение новых правил не проверено
auditPencil,Карандаш аудитора,Оружие,Rare,goldenLining,Золотая подкладка,Одежда,Legendary,Нет специальной связи,"Новый механизм: стихия первой волны меняет единицу добычи на уничтожение чужой маны. Вторая вещь имеет независимое условие; специального преобразования выхода в её триггер не заявлено. Общие правила ресурсов, барьера 6, инициативы и смерти сохраняются.",Проектная классификация; боевое исполнение новых правил не проверено
auditPencil,Карандаш аудитора,Оружие,Rare,eclipseRing,Кольцо смены,Кольцо,Legendary,Нет специальной связи,"Новый механизм: стихия первой волны меняет единицу добычи на уничтожение чужой маны. Вторая вещь имеет независимое условие; специального преобразования выхода в её триггер не заявлено. Общие правила ресурсов, барьера 6, инициативы и смерти сохраняются.",Проектная классификация; боевое исполнение новых правил не проверено
edgeSleeves,Нарукавники архивариуса,Одежда,Uncommon,paperKnife,Нож для бумаги,Оружие,Common,Нет специальной связи,"Новый механизм: обычная стихия у края первой волны меняет единицу добычи на барьер. Вторая вещь имеет независимое условие; специального преобразования выхода в её триггер не заявлено. Общие правила ресурсов, барьера 6, инициативы и смерти сохраняются.",Проектная классификация; боевое исполнение новых правил не проверено
edgeSleeves,Нарукавники архивариуса,Одежда,Uncommon,stylus,Стальной стилус,Оружие,Common,Нет специальной связи,"Новый механизм: обычная стихия у края первой волны меняет единицу добычи на барьер. Вторая вещь имеет независимое условие; специального преобразования выхода в её триггер не заявлено. Общие правила ресурсов, барьера 6, инициативы и смерти сохраняются.",Проектная классификация; боевое исполнение новых правил не проверено
edgeSleeves,Нарукавники архивариуса,Одежда,Uncommon,coat,Рабочая куртка,Одежда,Common,Один слот — только замена,Оба предмета занимают слот «Одежда». Новый заменяет прежний; при оценке добычи связь со снимаемой вещью не учитывается.,Проектная классификация; боевое исполнение новых правил не проверено
edgeSleeves,Нарукавники архивариуса,Одежда,Uncommon,apron,Фартук подмастерья,Одежда,Common,Один слот — только замена,Оба предмета занимают слот «Одежда». Новый заменяет прежний; при оценке добычи связь со снимаемой вещью не учитывается.,Проектная классификация; боевое исполнение новых правил не проверено
edgeSleeves,Нарукавники архивариуса,Одежда,Uncommon,copperClip,Медная скрепка,Талисман,Common,Общий физический триггер,"Обычная цветная группа у края может выполнить прежний физический триггер. Новая вещь уменьшает валовую ману, но не число фишек.",Проектная классификация; боевое исполнение новых правил не проверено
edgeSleeves,Нарукавники архивариуса,Одежда,Uncommon,bluePass,Синий пропуск,Талисман,Common,Нет специальной связи,"Новый механизм: обычная стихия у края первой волны меняет единицу добычи на барьер. Вторая вещь имеет независимое условие; специального преобразования выхода в её триггер не заявлено. Общие правила ресурсов, барьера 6, инициативы и смерти сохраняются.",Проектная классификация; боевое исполнение новых правил не проверено
edgeSleeves,Нарукавники архивариуса,Одежда,Uncommon,scholar,Печать стажёра,Кольцо,Common,Нет специальной связи,"Новый механизм: обычная стихия у края первой волны меняет единицу добычи на барьер. Вторая вещь имеет независимое условие; специального преобразования выхода в её триггер не заявлено. Общие правила ресурсов, барьера 6, инициативы и смерти сохраняются.",Проектная классификация; боевое исполнение новых правил не проверено
edgeSleeves,Нарукавники архивариуса,Одежда,Uncommon,abacus,Счётные костяшки,Кольцо,Common,Компромисс / условность,"Костяшки и край могут дать барьер в одном действии, общий предел 6. Порядок выдачи влияет на реальный прирост; расход края возможен только при барьере≤3.",Проектная классификация; боевое исполнение новых правил не проверено
edgeSleeves,Нарукавники архивариуса,Одежда,Uncommon,tideNeedle,Игла прилива,Оружие,Uncommon,Общий физический триггер,Условие края дополнительно ограничивает сбор; исходные физические цвета продолжают заряжать/активировать оружие. Подаренный барьер не является новым сбором.,Проектная классификация; боевое исполнение новых правил не проверено
edgeSleeves,Нарукавники архивариуса,Одежда,Uncommon,chargeSeal,Молоток наборщика,Оружие,Uncommon,Нет специальной связи,"Новый механизм: обычная стихия у края первой волны меняет единицу добычи на барьер. Вторая вещь имеет независимое условие; специального преобразования выхода в её триггер не заявлено. Общие правила ресурсов, барьера 6, инициативы и смерти сохраняются.",Проектная классификация; боевое исполнение новых правил не проверено
edgeSleeves,Нарукавники архивариуса,Одежда,Uncommon,pocketVest,Карманный жилет,Одежда,Uncommon,Один слот — только замена,Оба предмета занимают слот «Одежда». Новый заменяет прежний; при оценке добычи связь со снимаемой вещью не учитывается.,Проектная классификация; боевое исполнение новых правил не проверено
edgeSleeves,Нарукавники архивариуса,Одежда,Uncommon,answerCloak,Плащ ответа,Одежда,Uncommon,Один слот — только замена,Оба предмета занимают слот «Одежда». Новый заменяет прежний; при оценке добычи связь со снимаемой вещью не учитывается.,Проектная классификация; боевое исполнение новых правил не проверено
edgeSleeves,Нарукавники архивариуса,Одежда,Uncommon,tidePurse,Кошелёк прилива,Талисман,Uncommon,Нет специальной связи,"Новый механизм: обычная стихия у края первой волны меняет единицу добычи на барьер. Вторая вещь имеет независимое условие; специального преобразования выхода в её триггер не заявлено. Общие правила ресурсов, барьера 6, инициативы и смерти сохраняются.",Проектная классификация; боевое исполнение новых правил не проверено
edgeSleeves,Нарукавники архивариуса,Одежда,Uncommon,reservoir,Резервуар,Талисман,Uncommon,Нет специальной связи,"Новый механизм: обычная стихия у края первой волны меняет единицу добычи на барьер. Вторая вещь имеет независимое условие; специального преобразования выхода в её триггер не заявлено. Общие правила ресурсов, барьера 6, инициативы и смерти сохраняются.",Проектная классификация; боевое исполнение новых правил не проверено
edgeSleeves,Нарукавники архивариуса,Одежда,Uncommon,wick,Фитиль,Талисман,Uncommon,Нет специальной связи,"Новый механизм: обычная стихия у края первой волны меняет единицу добычи на барьер. Вторая вещь имеет независимое условие; специального преобразования выхода в её триггер не заявлено. Общие правила ресурсов, барьера 6, инициативы и смерти сохраняются.",Проектная классификация; боевое исполнение новых правил не проверено
edgeSleeves,Нарукавники архивариуса,Одежда,Uncommon,conductor,Кольцо проводника,Кольцо,Uncommon,Общий физический триггер,"Обычная цветная группа у края может выполнить прежний физический триггер. Новая вещь уменьшает валовую ману, но не число фишек.",Проектная классификация; боевое исполнение новых правил не проверено
edgeSleeves,Нарукавники архивариуса,Одежда,Uncommon,fullBlade,Полный клинок,Оружие,Rare,Компромисс / условность,"Минус 1 добычи может не дать заполнить цвет перед ударом. Если запас уже полон, перенаправляется будущий избыток; необходимо считать итоговую ману.",Проектная классификация; боевое исполнение новых правил не проверено
edgeSleeves,Нарукавники архивариуса,Одежда,Uncommon,contractBlade,Договорной клинок,Оружие,Rare,Нет специальной связи,"Новый механизм: обычная стихия у края первой волны меняет единицу добычи на барьер. Вторая вещь имеет независимое условие; специального преобразования выхода в её триггер не заявлено. Общие правила ресурсов, барьера 6, инициативы и смерти сохраняются.",Проектная классификация; боевое исполнение новых правил не проверено
edgeSleeves,Нарукавники архивариуса,Одежда,Uncommon,veil,Плащ тени,Одежда,Rare,Один слот — только замена,Оба предмета занимают слот «Одежда». Новый заменяет прежний; при оценке добычи связь со снимаемой вещью не учитывается.,Проектная классификация; боевое исполнение новых правил не проверено
edgeSleeves,Нарукавники архивариуса,Одежда,Uncommon,overflowRobe,Мантия переполнения,Одежда,Rare,Один слот — только замена,Оба предмета занимают слот «Одежда». Новый заменяет прежний; при оценке добычи связь со снимаемой вещью не учитывается.,Проектная классификация; боевое исполнение новых правил не проверено
edgeSleeves,Нарукавники архивариуса,Одежда,Uncommon,catalyst,Катализатор,Талисман,Rare,Нет специальной связи,"Новый механизм: обычная стихия у края первой волны меняет единицу добычи на барьер. Вторая вещь имеет независимое условие; специального преобразования выхода в её триггер не заявлено. Общие правила ресурсов, барьера 6, инициативы и смерти сохраняются.",Проектная классификация; боевое исполнение новых правил не проверено
edgeSleeves,Нарукавники архивариуса,Одежда,Uncommon,mint,Монетный пресс,Кольцо,Rare,Нет специальной связи,"Новый механизм: обычная стихия у края первой волны меняет единицу добычи на барьер. Вторая вещь имеет независимое условие; специального преобразования выхода в её триггер не заявлено. Общие правила ресурсов, барьера 6, инициативы и смерти сохраняются.",Проектная классификация; боевое исполнение новых правил не проверено
edgeSleeves,Нарукавники архивариуса,Одежда,Uncommon,ward,Сухая печать,Кольцо,Rare,Нет специальной связи,"Новый механизм: обычная стихия у края первой волны меняет единицу добычи на барьер. Вторая вещь имеет независимое условие; специального преобразования выхода в её триггер не заявлено. Общие правила ресурсов, барьера 6, инициативы и смерти сохраняются.",Проектная классификация; боевое исполнение новых правил не проверено
edgeSleeves,Нарукавники архивариуса,Одежда,Uncommon,bloodInkwell,Кровавая чернильница,Кольцо,Rare,Нет специальной связи,"Новый механизм: обычная стихия у края первой волны меняет единицу добычи на барьер. Вторая вещь имеет независимое условие; специального преобразования выхода в её триггер не заявлено. Общие правила ресурсов, барьера 6, инициативы и смерти сохраняются.",Проектная классификация; боевое исполнение новых правил не проверено
edgeSleeves,Нарукавники архивариуса,Одежда,Uncommon,quarterCutter,Четвертной резак,Оружие,Very Rare,Нет специальной связи,"Новый механизм: обычная стихия у края первой волны меняет единицу добычи на барьер. Вторая вещь имеет независимое условие; специального преобразования выхода в её триггер не заявлено. Общие правила ресурсов, барьера 6, инициативы и смерти сохраняются.",Проектная классификация; боевое исполнение новых правил не проверено
edgeSleeves,Нарукавники архивариуса,Одежда,Uncommon,mirrorVest,Зеркальная жилетка,Одежда,Very Rare,Один слот — только замена,Оба предмета занимают слот «Одежда». Новый заменяет прежний; при оценке добычи связь со снимаемой вещью не учитывается.,Проектная классификация; боевое исполнение новых правил не проверено
edgeSleeves,Нарукавники архивариуса,Одежда,Uncommon,insurance,Страховой полис,Талисман,Very Rare,Компромисс / условность,"Полис выдаёт 6 барьера; пока барьер>3, Нарукавники не забирают добычу и не срабатывают.",Проектная классификация; боевое исполнение новых правил не проверено
edgeSleeves,Нарукавники архивариуса,Одежда,Uncommon,carbonPaper,Копирка,Талисман,Very Rare,Нет специальной связи,"Новый механизм: обычная стихия у края первой волны меняет единицу добычи на барьер. Вторая вещь имеет независимое условие; специального преобразования выхода в её триггер не заявлено. Общие правила ресурсов, барьера 6, инициативы и смерти сохраняются.",Проектная классификация; боевое исполнение новых правил не проверено
edgeSleeves,Нарукавники архивариуса,Одежда,Uncommon,capacitor,Кольцо-конденсатор,Кольцо,Very Rare,Компромисс / условность,"Перенаправление не заряжает Конденсатор; его поздний подарок может помочь цене следующего spell, но не заменяет условие края.",Проектная классификация; боевое исполнение новых правил не проверено
edgeSleeves,Нарукавники архивариуса,Одежда,Uncommon,directorPen,Перо директора,Оружие,Legendary,Общий физический триггер,Условие края дополнительно ограничивает сбор; исходные физические цвета продолжают заряжать/активировать оружие. Подаренный барьер не является новым сбором.,Проектная классификация; боевое исполнение новых правил не проверено
edgeSleeves,Нарукавники архивариуса,Одежда,Uncommon,spinningTop,Вечная юла,Талисман,Legendary,Нет специальной связи,"Новый механизм: обычная стихия у края первой волны меняет единицу добычи на барьер. Вторая вещь имеет независимое условие; специального преобразования выхода в её триггер не заявлено. Общие правила ресурсов, барьера 6, инициативы и смерти сохраняются.",Проектная классификация; боевое исполнение новых правил не проверено
edgeSleeves,Нарукавники архивариуса,Одежда,Uncommon,infiniteDiploma,Диплом бесконечности,Кольцо,Legendary,Нет специальной связи,"Новый механизм: обычная стихия у края первой волны меняет единицу добычи на барьер. Вторая вещь имеет независимое условие; специального преобразования выхода в её триггер не заявлено. Общие правила ресурсов, барьера 6, инициативы и смерти сохраняются.",Проектная классификация; боевое исполнение новых правил не проверено
edgeSleeves,Нарукавники архивариуса,Одежда,Uncommon,graphite,Графитовый резец,Оружие,Common,Общий физический триггер,Условие края дополнительно ограничивает сбор; исходные физические цвета продолжают заряжать/активировать оружие. Подаренный барьер не является новым сбором.,Проектная классификация; боевое исполнение новых правил не проверено
edgeSleeves,Нарукавники архивариуса,Одежда,Uncommon,cottonCuffs,Хлопковые манжеты,Одежда,Common,Один слот — только замена,Оба предмета занимают слот «Одежда». Новый заменяет прежний; при оценке добычи связь со снимаемой вещью не учитывается.,Проектная классификация; боевое исполнение новых правил не проверено
edgeSleeves,Нарукавники архивариуса,Одежда,Uncommon,teaBag,Чайный пакетик,Талисман,Common,Общий физический триггер,"Обычная цветная группа у края может выполнить прежний физический триггер. Новая вещь уменьшает валовую ману, но не число фишек.",Проектная классификация; боевое исполнение новых правил не проверено
edgeSleeves,Нарукавники архивариуса,Одежда,Uncommon,lens,Линза корректора,Кольцо,Common,Нет специальной связи,"Новый механизм: обычная стихия у края первой волны меняет единицу добычи на барьер. Вторая вещь имеет независимое условие; специального преобразования выхода в её триггер не заявлено. Общие правила ресурсов, барьера 6, инициативы и смерти сохраняются.",Проектная классификация; боевое исполнение новых правил не проверено
edgeSleeves,Нарукавники архивариуса,Одежда,Uncommon,emberKnife,Раскалённый нож,Оружие,Uncommon,Общий физический триггер,Условие края дополнительно ограничивает сбор; исходные физические цвета продолжают заряжать/активировать оружие. Подаренный барьер не является новым сбором.,Проектная классификация; боевое исполнение новых правил не проверено
edgeSleeves,Нарукавники архивариуса,Одежда,Uncommon,archiveVest,Архивный жилет,Одежда,Uncommon,Один слот — только замена,Оба предмета занимают слот «Одежда». Новый заменяет прежний; при оценке добычи связь со снимаемой вещью не учитывается.,Проектная классификация; боевое исполнение новых правил не проверено
edgeSleeves,Нарукавники архивариуса,Одежда,Uncommon,metronome,Метроном,Талисман,Uncommon,Общий физический триггер,"Обычная цветная группа у края может выполнить прежний физический триггер. Новая вещь уменьшает валовую ману, но не число фишек.",Проектная классификация; боевое исполнение новых правил не проверено
edgeSleeves,Нарукавники архивариуса,Одежда,Uncommon,fireSeal,Угольная печать,Кольцо,Uncommon,Нет специальной связи,"Новый механизм: обычная стихия у края первой волны меняет единицу добычи на барьер. Вторая вещь имеет независимое условие; специального преобразования выхода в её триггер не заявлено. Общие правила ресурсов, барьера 6, инициативы и смерти сохраняются.",Проектная классификация; боевое исполнение новых правил не проверено
edgeSleeves,Нарукавники архивариуса,Одежда,Uncommon,mortgage,Клинок закладной,Оружие,Rare,Нет специальной связи,"Новый механизм: обычная стихия у края первой волны меняет единицу добычи на барьер. Вторая вещь имеет независимое условие; специального преобразования выхода в её триггер не заявлено. Общие правила ресурсов, барьера 6, инициативы и смерти сохраняются.",Проектная классификация; боевое исполнение новых правил не проверено
edgeSleeves,Нарукавники архивариуса,Одежда,Uncommon,saltCoat,Соляной плащ,Одежда,Rare,Один слот — только замена,Оба предмета занимают слот «Одежда». Новый заменяет прежний; при оценке добычи связь со снимаемой вещью не учитывается.,Проектная классификация; боевое исполнение новых правил не проверено
edgeSleeves,Нарукавники архивариуса,Одежда,Uncommon,prism,Трёхгранная призма,Талисман,Rare,Общий физический триггер,"Обычная цветная группа у края может выполнить прежний физический триггер. Новая вещь уменьшает валовую ману, но не число фишек.",Проектная классификация; боевое исполнение новых правил не проверено
edgeSleeves,Нарукавники архивариуса,Одежда,Uncommon,waterwheel,Водяное колесо,Кольцо,Rare,Общий физический триггер,"Обычная цветная группа у края может выполнить прежний физический триггер. Новая вещь уменьшает валовую ману, но не число фишек.",Проектная классификация; боевое исполнение новых правил не проверено
edgeSleeves,Нарукавники архивариуса,Одежда,Uncommon,glassNib,Стеклянное перо,Оружие,Very Rare,Тактическая связь,"Условный барьер может поглотить увеличенное попадание, но +1 уязвимость Пера считается до барьера. Без подходящего края защиты нет.",Проектная классификация; боевое исполнение новых правил не проверено
edgeSleeves,Нарукавники архивариуса,Одежда,Uncommon,ledger,Долговая книга,Талисман,Very Rare,Нет специальной связи,"Новый механизм: обычная стихия у края первой волны меняет единицу добычи на барьер. Вторая вещь имеет независимое условие; специального преобразования выхода в её триггер не заявлено. Общие правила ресурсов, барьера 6, инициативы и смерти сохраняются.",Проектная классификация; боевое исполнение новых правил не проверено
edgeSleeves,Нарукавники архивариуса,Одежда,Uncommon,goldenLining,Золотая подкладка,Одежда,Legendary,Один слот — только замена,Оба предмета занимают слот «Одежда». Новый заменяет прежний; при оценке добычи связь со снимаемой вещью не учитывается.,Проектная классификация; боевое исполнение новых правил не проверено
edgeSleeves,Нарукавники архивариуса,Одежда,Uncommon,eclipseRing,Кольцо смены,Кольцо,Legendary,Нет специальной связи,"Новый механизм: обычная стихия у края первой волны меняет единицу добычи на барьер. Вторая вещь имеет независимое условие; специального преобразования выхода в её триггер не заявлено. Общие правила ресурсов, барьера 6, инициативы и смерти сохраняются.",Проектная классификация; боевое исполнение новых правил не проверено
reserveLining,Подкладка запаса,Одежда,Rare,paperKnife,Нож для бумаги,Оружие,Common,Нет специальной связи,"Новый механизм: большой запас оплачивает поглощение тяжёлого входящего попадания. Вторая вещь имеет независимое условие; специального преобразования выхода в её триггер не заявлено. Общие правила ресурсов, барьера 6, инициативы и смерти сохраняются.",Проектная классификация; боевое исполнение новых правил не проверено
reserveLining,Подкладка запаса,Одежда,Rare,stylus,Стальной стилус,Оружие,Common,Нет специальной связи,"Новый механизм: большой запас оплачивает поглощение тяжёлого входящего попадания. Вторая вещь имеет независимое условие; специального преобразования выхода в её триггер не заявлено. Общие правила ресурсов, барьера 6, инициативы и смерти сохраняются.",Проектная классификация; боевое исполнение новых правил не проверено
reserveLining,Подкладка запаса,Одежда,Rare,coat,Рабочая куртка,Одежда,Common,Один слот — только замена,Оба предмета занимают слот «Одежда». Новый заменяет прежний; при оценке добычи связь со снимаемой вещью не учитывается.,Проектная классификация; боевое исполнение новых правил не проверено
reserveLining,Подкладка запаса,Одежда,Rare,apron,Фартук подмастерья,Одежда,Common,Один слот — только замена,Оба предмета занимают слот «Одежда». Новый заменяет прежний; при оценке добычи связь со снимаемой вещью не учитывается.,Проектная классификация; боевое исполнение новых правил не проверено
reserveLining,Подкладка запаса,Одежда,Rare,copperClip,Медная скрепка,Талисман,Common,Прямая связь эффектов,"Реальная полученная мана может создать пригодный защитный резерв. Расход 3 на одежду не является cast, не возвращается и не заряжает другие оплаты.",Проектная классификация; боевое исполнение новых правил не проверено
reserveLining,Подкладка запаса,Одежда,Rare,bluePass,Синий пропуск,Талисман,Common,Прямая связь эффектов,"Реальная полученная мана может создать пригодный защитный резерв. Расход 3 на одежду не является cast, не возвращается и не заряжает другие оплаты.",Проектная классификация; боевое исполнение новых правил не проверено
reserveLining,Подкладка запаса,Одежда,Rare,scholar,Печать стажёра,Кольцо,Common,Нет специальной связи,"Новый механизм: большой запас оплачивает поглощение тяжёлого входящего попадания. Вторая вещь имеет независимое условие; специального преобразования выхода в её триггер не заявлено. Общие правила ресурсов, барьера 6, инициативы и смерти сохраняются.",Проектная классификация; боевое исполнение новых правил не проверено
reserveLining,Подкладка запаса,Одежда,Rare,abacus,Счётные костяшки,Кольцо,Common,Нет специальной связи,"Новый механизм: большой запас оплачивает поглощение тяжёлого входящего попадания. Вторая вещь имеет независимое условие; специального преобразования выхода в её триггер не заявлено. Общие правила ресурсов, барьера 6, инициативы и смерти сохраняются.",Проектная классификация; боевое исполнение новых правил не проверено
reserveLining,Подкладка запаса,Одежда,Rare,tideNeedle,Игла прилива,Оружие,Uncommon,Нет специальной связи,"Новый механизм: большой запас оплачивает поглощение тяжёлого входящего попадания. Вторая вещь имеет независимое условие; специального преобразования выхода в её триггер не заявлено. Общие правила ресурсов, барьера 6, инициативы и смерти сохраняются.",Проектная классификация; боевое исполнение новых правил не проверено
reserveLining,Подкладка запаса,Одежда,Rare,chargeSeal,Молоток наборщика,Оружие,Uncommon,Нет специальной связи,"Новый механизм: большой запас оплачивает поглощение тяжёлого входящего попадания. Вторая вещь имеет независимое условие; специального преобразования выхода в её триггер не заявлено. Общие правила ресурсов, барьера 6, инициативы и смерти сохраняются.",Проектная классификация; боевое исполнение новых правил не проверено
reserveLining,Подкладка запаса,Одежда,Rare,pocketVest,Карманный жилет,Одежда,Uncommon,Один слот — только замена,Оба предмета занимают слот «Одежда». Новый заменяет прежний; при оценке добычи связь со снимаемой вещью не учитывается.,Проектная классификация; боевое исполнение новых правил не проверено
reserveLining,Подкладка запаса,Одежда,Rare,answerCloak,Плащ ответа,Одежда,Uncommon,Один слот — только замена,Оба предмета занимают слот «Одежда». Новый заменяет прежний; при оценке добычи связь со снимаемой вещью не учитывается.,Проектная классификация; боевое исполнение новых правил не проверено
reserveLining,Подкладка запаса,Одежда,Rare,tidePurse,Кошелёк прилива,Талисман,Uncommon,Нет специальной связи,"Новый механизм: большой запас оплачивает поглощение тяжёлого входящего попадания. Вторая вещь имеет независимое условие; специального преобразования выхода в её триггер не заявлено. Общие правила ресурсов, барьера 6, инициативы и смерти сохраняются.",Проектная классификация; боевое исполнение новых правил не проверено
reserveLining,Подкладка запаса,Одежда,Rare,reservoir,Резервуар,Талисман,Uncommon,Компромисс / условность,Резервуар увеличивает максимальный запас и порог ceil(cap/2)+3. Связь не считается автоматически положительной.,Проектная классификация; боевое исполнение новых правил не проверено
reserveLining,Подкладка запаса,Одежда,Rare,wick,Фитиль,Талисман,Uncommon,Нет специальной связи,"Новый механизм: большой запас оплачивает поглощение тяжёлого входящего попадания. Вторая вещь имеет независимое условие; специального преобразования выхода в её триггер не заявлено. Общие правила ресурсов, барьера 6, инициативы и смерти сохраняются.",Проектная классификация; боевое исполнение новых правил не проверено
reserveLining,Подкладка запаса,Одежда,Rare,conductor,Кольцо проводника,Кольцо,Uncommon,Прямая связь эффектов,"Реальная полученная мана может создать пригодный защитный резерв. Расход 3 на одежду не является cast, не возвращается и не заряжает другие оплаты.",Проектная классификация; боевое исполнение новых правил не проверено
reserveLining,Подкладка запаса,Одежда,Rare,fullBlade,Полный клинок,Оружие,Rare,Компромисс / условность,Защита расходует 3 маны и может снять состояние полного запаса перед следующим ударом. Сначала решается текущий входящий урон; полного бонуса за уже потраченный цвет нет.,Проектная классификация; боевое исполнение новых правил не проверено
reserveLining,Подкладка запаса,Одежда,Rare,contractBlade,Договорной клинок,Оружие,Rare,Нет специальной связи,"Новый механизм: большой запас оплачивает поглощение тяжёлого входящего попадания. Вторая вещь имеет независимое условие; специального преобразования выхода в её триггер не заявлено. Общие правила ресурсов, барьера 6, инициативы и смерти сохраняются.",Проектная классификация; боевое исполнение новых правил не проверено
reserveLining,Подкладка запаса,Одежда,Rare,veil,Плащ тени,Одежда,Rare,Один слот — только замена,Оба предмета занимают слот «Одежда». Новый заменяет прежний; при оценке добычи связь со снимаемой вещью не учитывается.,Проектная классификация; боевое исполнение новых правил не проверено
reserveLining,Подкладка запаса,Одежда,Rare,overflowRobe,Мантия переполнения,Одежда,Rare,Один слот — только замена,Оба предмета занимают слот «Одежда». Новый заменяет прежний; при оценке добычи связь со снимаемой вещью не учитывается.,Проектная классификация; боевое исполнение новых правил не проверено
reserveLining,Подкладка запаса,Одежда,Rare,catalyst,Катализатор,Талисман,Rare,Тактическая связь,Экономия маны на заклинаниях помогает сохранить резерв. Скидка/возврат не распространяются на автоматическую оплату Подкладки.,Проектная классификация; боевое исполнение новых правил не проверено
reserveLining,Подкладка запаса,Одежда,Rare,mint,Монетный пресс,Кольцо,Rare,Нет специальной связи,"Новый механизм: большой запас оплачивает поглощение тяжёлого входящего попадания. Вторая вещь имеет независимое условие; специального преобразования выхода в её триггер не заявлено. Общие правила ресурсов, барьера 6, инициативы и смерти сохраняются.",Проектная классификация; боевое исполнение новых правил не проверено
reserveLining,Подкладка запаса,Одежда,Rare,ward,Сухая печать,Кольцо,Rare,Нет специальной связи,"Новый механизм: большой запас оплачивает поглощение тяжёлого входящего попадания. Вторая вещь имеет независимое условие; специального преобразования выхода в её триггер не заявлено. Общие правила ресурсов, барьера 6, инициативы и смерти сохраняются.",Проектная классификация; боевое исполнение новых правил не проверено
reserveLining,Подкладка запаса,Одежда,Rare,bloodInkwell,Кровавая чернильница,Кольцо,Rare,Тактическая связь,Экономия маны на заклинаниях помогает сохранить резерв. Скидка/возврат не распространяются на автоматическую оплату Подкладки.,Проектная классификация; боевое исполнение новых правил не проверено
reserveLining,Подкладка запаса,Одежда,Rare,quarterCutter,Четвертной резак,Оружие,Very Rare,Нет специальной связи,"Новый механизм: большой запас оплачивает поглощение тяжёлого входящего попадания. Вторая вещь имеет независимое условие; специального преобразования выхода в её триггер не заявлено. Общие правила ресурсов, барьера 6, инициативы и смерти сохраняются.",Проектная классификация; боевое исполнение новых правил не проверено
reserveLining,Подкладка запаса,Одежда,Rare,mirrorVest,Зеркальная жилетка,Одежда,Very Rare,Один слот — только замена,Оба предмета занимают слот «Одежда». Новый заменяет прежний; при оценке добычи связь со снимаемой вещью не учитывается.,Проектная классификация; боевое исполнение новых правил не проверено
reserveLining,Подкладка запаса,Одежда,Rare,insurance,Страховой полис,Талисман,Very Rare,Компромисс / условность,"Подкладка срабатывает перед смертельной проверкой и может сохранить Полис. Если Полис всё же сработал, его барьер на следующих попаданиях может сделать оплату Подкладки ненужной.",Проектная классификация; боевое исполнение новых правил не проверено
reserveLining,Подкладка запаса,Одежда,Rare,carbonPaper,Копирка,Талисман,Very Rare,Нет специальной связи,"Новый механизм: большой запас оплачивает поглощение тяжёлого входящего попадания. Вторая вещь имеет независимое условие; специального преобразования выхода в её триггер не заявлено. Общие правила ресурсов, барьера 6, инициативы и смерти сохраняются.",Проектная классификация; боевое исполнение новых правил не проверено
reserveLining,Подкладка запаса,Одежда,Rare,capacitor,Кольцо-конденсатор,Кольцо,Very Rare,Прямая связь эффектов,"Реальная полученная мана может создать пригодный защитный резерв. Расход 3 на одежду не является cast, не возвращается и не заряжает другие оплаты.",Проектная классификация; боевое исполнение новых правил не проверено
reserveLining,Подкладка запаса,Одежда,Rare,directorPen,Перо директора,Оружие,Legendary,Нет специальной связи,"Новый механизм: большой запас оплачивает поглощение тяжёлого входящего попадания. Вторая вещь имеет независимое условие; специального преобразования выхода в её триггер не заявлено. Общие правила ресурсов, барьера 6, инициативы и смерти сохраняются.",Проектная классификация; боевое исполнение новых правил не проверено
reserveLining,Подкладка запаса,Одежда,Rare,spinningTop,Вечная юла,Талисман,Legendary,Нет специальной связи,"Новый механизм: большой запас оплачивает поглощение тяжёлого входящего попадания. Вторая вещь имеет независимое условие; специального преобразования выхода в её триггер не заявлено. Общие правила ресурсов, барьера 6, инициативы и смерти сохраняются.",Проектная классификация; боевое исполнение новых правил не проверено
reserveLining,Подкладка запаса,Одежда,Rare,infiniteDiploma,Диплом бесконечности,Кольцо,Legendary,Прямая связь эффектов,"Реальная полученная мана может создать пригодный защитный резерв. Расход 3 на одежду не является cast, не возвращается и не заряжает другие оплаты.",Проектная классификация; боевое исполнение новых правил не проверено
reserveLining,Подкладка запаса,Одежда,Rare,graphite,Графитовый резец,Оружие,Common,Нет специальной связи,"Новый механизм: большой запас оплачивает поглощение тяжёлого входящего попадания. Вторая вещь имеет независимое условие; специального преобразования выхода в её триггер не заявлено. Общие правила ресурсов, барьера 6, инициативы и смерти сохраняются.",Проектная классификация; боевое исполнение новых правил не проверено
reserveLining,Подкладка запаса,Одежда,Rare,cottonCuffs,Хлопковые манжеты,Одежда,Common,Один слот — только замена,Оба предмета занимают слот «Одежда». Новый заменяет прежний; при оценке добычи связь со снимаемой вещью не учитывается.,Проектная классификация; боевое исполнение новых правил не проверено
reserveLining,Подкладка запаса,Одежда,Rare,teaBag,Чайный пакетик,Талисман,Common,Прямая связь эффектов,"Реальная полученная мана может создать пригодный защитный резерв. Расход 3 на одежду не является cast, не возвращается и не заряжает другие оплаты.",Проектная классификация; боевое исполнение новых правил не проверено
reserveLining,Подкладка запаса,Одежда,Rare,lens,Линза корректора,Кольцо,Common,Прямая связь эффектов,"Реальная полученная мана может создать пригодный защитный резерв. Расход 3 на одежду не является cast, не возвращается и не заряжает другие оплаты.",Проектная классификация; боевое исполнение новых правил не проверено
reserveLining,Подкладка запаса,Одежда,Rare,emberKnife,Раскалённый нож,Оружие,Uncommon,Нет специальной связи,"Новый механизм: большой запас оплачивает поглощение тяжёлого входящего попадания. Вторая вещь имеет независимое условие; специального преобразования выхода в её триггер не заявлено. Общие правила ресурсов, барьера 6, инициативы и смерти сохраняются.",Проектная классификация; боевое исполнение новых правил не проверено
reserveLining,Подкладка запаса,Одежда,Rare,archiveVest,Архивный жилет,Одежда,Uncommon,Один слот — только замена,Оба предмета занимают слот «Одежда». Новый заменяет прежний; при оценке добычи связь со снимаемой вещью не учитывается.,Проектная классификация; боевое исполнение новых правил не проверено
reserveLining,Подкладка запаса,Одежда,Rare,metronome,Метроном,Талисман,Uncommon,Нет специальной связи,"Новый механизм: большой запас оплачивает поглощение тяжёлого входящего попадания. Вторая вещь имеет независимое условие; специального преобразования выхода в её триггер не заявлено. Общие правила ресурсов, барьера 6, инициативы и смерти сохраняются.",Проектная классификация; боевое исполнение новых правил не проверено
reserveLining,Подкладка запаса,Одежда,Rare,fireSeal,Угольная печать,Кольцо,Uncommon,Прямая связь эффектов,"Реальная полученная мана может создать пригодный защитный резерв. Расход 3 на одежду не является cast, не возвращается и не заряжает другие оплаты.",Проектная классификация; боевое исполнение новых правил не проверено
reserveLining,Подкладка запаса,Одежда,Rare,mortgage,Клинок закладной,Оружие,Rare,Нет специальной связи,"Новый механизм: большой запас оплачивает поглощение тяжёлого входящего попадания. Вторая вещь имеет независимое условие; специального преобразования выхода в её триггер не заявлено. Общие правила ресурсов, барьера 6, инициативы и смерти сохраняются.",Проектная классификация; боевое исполнение новых правил не проверено
reserveLining,Подкладка запаса,Одежда,Rare,saltCoat,Соляной плащ,Одежда,Rare,Один слот — только замена,Оба предмета занимают слот «Одежда». Новый заменяет прежний; при оценке добычи связь со снимаемой вещью не учитывается.,Проектная классификация; боевое исполнение новых правил не проверено
reserveLining,Подкладка запаса,Одежда,Rare,prism,Трёхгранная призма,Талисман,Rare,Нет специальной связи,"Новый механизм: большой запас оплачивает поглощение тяжёлого входящего попадания. Вторая вещь имеет независимое условие; специального преобразования выхода в её триггер не заявлено. Общие правила ресурсов, барьера 6, инициативы и смерти сохраняются.",Проектная классификация; боевое исполнение новых правил не проверено
reserveLining,Подкладка запаса,Одежда,Rare,waterwheel,Водяное колесо,Кольцо,Rare,Прямая связь эффектов,"Реальная полученная мана может создать пригодный защитный резерв. Расход 3 на одежду не является cast, не возвращается и не заряжает другие оплаты.",Проектная классификация; боевое исполнение новых правил не проверено
reserveLining,Подкладка запаса,Одежда,Rare,glassNib,Стеклянное перо,Оружие,Very Rare,Компромисс / условность,"Уязвимость Пера увеличивается до проверок поглощения; она может довести остаточный удар до порога 4. При этом расходуется настоящий резерв, а не бесплатная защита.",Проектная классификация; боевое исполнение новых правил не проверено
reserveLining,Подкладка запаса,Одежда,Rare,ledger,Долговая книга,Талисман,Very Rare,Нет специальной связи,"Новый механизм: большой запас оплачивает поглощение тяжёлого входящего попадания. Вторая вещь имеет независимое условие; специального преобразования выхода в её триггер не заявлено. Общие правила ресурсов, барьера 6, инициативы и смерти сохраняются.",Проектная классификация; боевое исполнение новых правил не проверено
reserveLining,Подкладка запаса,Одежда,Rare,goldenLining,Золотая подкладка,Одежда,Legendary,Один слот — только замена,Оба предмета занимают слот «Одежда». Новый заменяет прежний; при оценке добычи связь со снимаемой вещью не учитывается.,Проектная классификация; боевое исполнение новых правил не проверено
reserveLining,Подкладка запаса,Одежда,Rare,eclipseRing,Кольцо смены,Кольцо,Legendary,Прямая связь эффектов,"Реальная полученная мана может создать пригодный защитный резерв. Расход 3 на одежду не является cast, не возвращается и не заряжает другие оплаты.",Проектная классификация; боевое исполнение новых правил не проверено
waitingVest,Жилет ожидания,Одежда,Very Rare,paperKnife,Нож для бумаги,Оружие,Common,Нет специальной связи,"Новый механизм: земля оплачивает защиту от уже полученного врагом продолжения. Вторая вещь имеет независимое условие; специального преобразования выхода в её триггер не заявлено. Общие правила ресурсов, барьера 6, инициативы и смерти сохраняются.",Проектная классификация; боевое исполнение новых правил не проверено
waitingVest,Жилет ожидания,Одежда,Very Rare,stylus,Стальной стилус,Оружие,Common,Нет специальной связи,"Новый механизм: земля оплачивает защиту от уже полученного врагом продолжения. Вторая вещь имеет независимое условие; специального преобразования выхода в её триггер не заявлено. Общие правила ресурсов, барьера 6, инициативы и смерти сохраняются.",Проектная классификация; боевое исполнение новых правил не проверено
waitingVest,Жилет ожидания,Одежда,Very Rare,coat,Рабочая куртка,Одежда,Common,Один слот — только замена,Оба предмета занимают слот «Одежда». Новый заменяет прежний; при оценке добычи связь со снимаемой вещью не учитывается.,Проектная классификация; боевое исполнение новых правил не проверено
waitingVest,Жилет ожидания,Одежда,Very Rare,apron,Фартук подмастерья,Одежда,Common,Один слот — только замена,Оба предмета занимают слот «Одежда». Новый заменяет прежний; при оценке добычи связь со снимаемой вещью не учитывается.,Проектная классификация; боевое исполнение новых правил не проверено
waitingVest,Жилет ожидания,Одежда,Very Rare,copperClip,Медная скрепка,Талисман,Common,Нет специальной связи,"Новый механизм: земля оплачивает защиту от уже полученного врагом продолжения. Вторая вещь имеет независимое условие; специального преобразования выхода в её триггер не заявлено. Общие правила ресурсов, барьера 6, инициативы и смерти сохраняются.",Проектная классификация; боевое исполнение новых правил не проверено
waitingVest,Жилет ожидания,Одежда,Very Rare,bluePass,Синий пропуск,Талисман,Common,Прямая связь эффектов,Подаренная земля пригодна для обязательной оплаты 2. Эффект не требует физических земляных фишек; само пополнение не вызывает защиту без чужого продолжения.,Проектная классификация; боевое исполнение новых правил не проверено
waitingVest,Жилет ожидания,Одежда,Very Rare,scholar,Печать стажёра,Кольцо,Common,Нет специальной связи,"Новый механизм: земля оплачивает защиту от уже полученного врагом продолжения. Вторая вещь имеет независимое условие; специального преобразования выхода в её триггер не заявлено. Общие правила ресурсов, барьера 6, инициативы и смерти сохраняются.",Проектная классификация; боевое исполнение новых правил не проверено
waitingVest,Жилет ожидания,Одежда,Very Rare,abacus,Счётные костяшки,Кольцо,Common,Нет специальной связи,"Новый механизм: земля оплачивает защиту от уже полученного врагом продолжения. Вторая вещь имеет независимое условие; специального преобразования выхода в её триггер не заявлено. Общие правила ресурсов, барьера 6, инициативы и смерти сохраняются.",Проектная классификация; боевое исполнение новых правил не проверено
waitingVest,Жилет ожидания,Одежда,Very Rare,tideNeedle,Игла прилива,Оружие,Uncommon,Нет специальной связи,"Новый механизм: земля оплачивает защиту от уже полученного врагом продолжения. Вторая вещь имеет независимое условие; специального преобразования выхода в её триггер не заявлено. Общие правила ресурсов, барьера 6, инициативы и смерти сохраняются.",Проектная классификация; боевое исполнение новых правил не проверено
waitingVest,Жилет ожидания,Одежда,Very Rare,chargeSeal,Молоток наборщика,Оружие,Uncommon,Нет специальной связи,"Новый механизм: земля оплачивает защиту от уже полученного врагом продолжения. Вторая вещь имеет независимое условие; специального преобразования выхода в её триггер не заявлено. Общие правила ресурсов, барьера 6, инициативы и смерти сохраняются.",Проектная классификация; боевое исполнение новых правил не проверено
waitingVest,Жилет ожидания,Одежда,Very Rare,pocketVest,Карманный жилет,Одежда,Uncommon,Один слот — только замена,Оба предмета занимают слот «Одежда». Новый заменяет прежний; при оценке добычи связь со снимаемой вещью не учитывается.,Проектная классификация; боевое исполнение новых правил не проверено
waitingVest,Жилет ожидания,Одежда,Very Rare,answerCloak,Плащ ответа,Одежда,Uncommon,Один слот — только замена,Оба предмета занимают слот «Одежда». Новый заменяет прежний; при оценке добычи связь со снимаемой вещью не учитывается.,Проектная классификация; боевое исполнение новых правил не проверено
waitingVest,Жилет ожидания,Одежда,Very Rare,tidePurse,Кошелёк прилива,Талисман,Uncommon,Нет специальной связи,"Новый механизм: земля оплачивает защиту от уже полученного врагом продолжения. Вторая вещь имеет независимое условие; специального преобразования выхода в её триггер не заявлено. Общие правила ресурсов, барьера 6, инициативы и смерти сохраняются.",Проектная классификация; боевое исполнение новых правил не проверено
waitingVest,Жилет ожидания,Одежда,Very Rare,reservoir,Резервуар,Талисман,Uncommon,Тактическая связь,"Больше места для земли, но запас не заполняется автоматически. Резервуар сам не обеспечивает цену Жилета.",Проектная классификация; боевое исполнение новых правил не проверено
waitingVest,Жилет ожидания,Одежда,Very Rare,wick,Фитиль,Талисман,Uncommon,Нет специальной связи,"Новый механизм: земля оплачивает защиту от уже полученного врагом продолжения. Вторая вещь имеет независимое условие; специального преобразования выхода в её триггер не заявлено. Общие правила ресурсов, барьера 6, инициативы и смерти сохраняются.",Проектная классификация; боевое исполнение новых правил не проверено
waitingVest,Жилет ожидания,Одежда,Very Rare,conductor,Кольцо проводника,Кольцо,Uncommon,Компромисс / условность,Подарок может дать землю только при соответствующем выбранном цвете. Другие цвета не оплачивают Жилет; без 2 земли реакции нет.,Проектная классификация; боевое исполнение новых правил не проверено
waitingVest,Жилет ожидания,Одежда,Very Rare,fullBlade,Полный клинок,Оружие,Rare,Компромисс / условность,Расход 2 земли на чужой серии может убрать полный земляной запас и бонус будущего удара.,Проектная классификация; боевое исполнение новых правил не проверено
waitingVest,Жилет ожидания,Одежда,Very Rare,contractBlade,Договорной клинок,Оружие,Rare,Нет специальной связи,"Новый механизм: земля оплачивает защиту от уже полученного врагом продолжения. Вторая вещь имеет независимое условие; специального преобразования выхода в её триггер не заявлено. Общие правила ресурсов, барьера 6, инициативы и смерти сохраняются.",Проектная классификация; боевое исполнение новых правил не проверено
waitingVest,Жилет ожидания,Одежда,Very Rare,veil,Плащ тени,Одежда,Rare,Один слот — только замена,Оба предмета занимают слот «Одежда». Новый заменяет прежний; при оценке добычи связь со снимаемой вещью не учитывается.,Проектная классификация; боевое исполнение новых правил не проверено
waitingVest,Жилет ожидания,Одежда,Very Rare,overflowRobe,Мантия переполнения,Одежда,Rare,Один слот — только замена,Оба предмета занимают слот «Одежда». Новый заменяет прежний; при оценке добычи связь со снимаемой вещью не учитывается.,Проектная классификация; боевое исполнение новых правил не проверено
waitingVest,Жилет ожидания,Одежда,Very Rare,catalyst,Катализатор,Талисман,Rare,Нет специальной связи,"Новый механизм: земля оплачивает защиту от уже полученного врагом продолжения. Вторая вещь имеет независимое условие; специального преобразования выхода в её триггер не заявлено. Общие правила ресурсов, барьера 6, инициативы и смерти сохраняются.",Проектная классификация; боевое исполнение новых правил не проверено
waitingVest,Жилет ожидания,Одежда,Very Rare,mint,Монетный пресс,Кольцо,Rare,Нет специальной связи,"Новый механизм: земля оплачивает защиту от уже полученного врагом продолжения. Вторая вещь имеет независимое условие; специального преобразования выхода в её триггер не заявлено. Общие правила ресурсов, барьера 6, инициативы и смерти сохраняются.",Проектная классификация; боевое исполнение новых правил не проверено
waitingVest,Жилет ожидания,Одежда,Very Rare,ward,Сухая печать,Кольцо,Rare,Нет специальной связи,"Новый механизм: земля оплачивает защиту от уже полученного врагом продолжения. Вторая вещь имеет независимое условие; специального преобразования выхода в её триггер не заявлено. Общие правила ресурсов, барьера 6, инициативы и смерти сохраняются.",Проектная классификация; боевое исполнение новых правил не проверено
waitingVest,Жилет ожидания,Одежда,Very Rare,bloodInkwell,Кровавая чернильница,Кольцо,Rare,Нет специальной связи,"Новый механизм: земля оплачивает защиту от уже полученного врагом продолжения. Вторая вещь имеет независимое условие; специального преобразования выхода в её триггер не заявлено. Общие правила ресурсов, барьера 6, инициативы и смерти сохраняются.",Проектная классификация; боевое исполнение новых правил не проверено
waitingVest,Жилет ожидания,Одежда,Very Rare,quarterCutter,Четвертной резак,Оружие,Very Rare,Нет специальной связи,"Новый механизм: земля оплачивает защиту от уже полученного врагом продолжения. Вторая вещь имеет независимое условие; специального преобразования выхода в её триггер не заявлено. Общие правила ресурсов, барьера 6, инициативы и смерти сохраняются.",Проектная классификация; боевое исполнение новых правил не проверено
waitingVest,Жилет ожидания,Одежда,Very Rare,mirrorVest,Зеркальная жилетка,Одежда,Very Rare,Один слот — только замена,Оба предмета занимают слот «Одежда». Новый заменяет прежний; при оценке добычи связь со снимаемой вещью не учитывается.,Проектная классификация; боевое исполнение новых правил не проверено
waitingVest,Жилет ожидания,Одежда,Very Rare,insurance,Страховой полис,Талисман,Very Rare,Компромисс / условность,"Если после спасения Полисом враг заработал продолжение, старый барьер истекает по обычному правилу; Жилет может оплатить новый. Использование Полиса не сбрасывается.",Проектная классификация; боевое исполнение новых правил не проверено
waitingVest,Жилет ожидания,Одежда,Very Rare,carbonPaper,Копирка,Талисман,Very Rare,Нет специальной связи,"Новый механизм: земля оплачивает защиту от уже полученного врагом продолжения. Вторая вещь имеет независимое условие; специального преобразования выхода в её триггер не заявлено. Общие правила ресурсов, барьера 6, инициативы и смерти сохраняются.",Проектная классификация; боевое исполнение новых правил не проверено
waitingVest,Жилет ожидания,Одежда,Very Rare,capacitor,Кольцо-конденсатор,Кольцо,Very Rare,Компромисс / условность,Подарок может дать землю только при соответствующем выбранном цвете. Другие цвета не оплачивают Жилет; без 2 земли реакции нет.,Проектная классификация; боевое исполнение новых правил не проверено
waitingVest,Жилет ожидания,Одежда,Very Rare,directorPen,Перо директора,Оружие,Legendary,Нет специальной связи,"Новый механизм: земля оплачивает защиту от уже полученного врагом продолжения. Вторая вещь имеет независимое условие; специального преобразования выхода в её триггер не заявлено. Общие правила ресурсов, барьера 6, инициативы и смерти сохраняются.",Проектная классификация; боевое исполнение новых правил не проверено
waitingVest,Жилет ожидания,Одежда,Very Rare,spinningTop,Вечная юла,Талисман,Legendary,Нет специальной связи,Собственная Юла не является чужим продолжением. Вражеская Юла может активировать Жилет; лимит отдельный для непрерывной чужой серии.,Проектная классификация; боевое исполнение новых правил не проверено
waitingVest,Жилет ожидания,Одежда,Very Rare,infiniteDiploma,Диплом бесконечности,Кольцо,Legendary,Прямая связь эффектов,Подаренная земля пригодна для обязательной оплаты 2. Эффект не требует физических земляных фишек; само пополнение не вызывает защиту без чужого продолжения.,Проектная классификация; боевое исполнение новых правил не проверено
waitingVest,Жилет ожидания,Одежда,Very Rare,graphite,Графитовый резец,Оружие,Common,Нет специальной связи,"Новый механизм: земля оплачивает защиту от уже полученного врагом продолжения. Вторая вещь имеет независимое условие; специального преобразования выхода в её триггер не заявлено. Общие правила ресурсов, барьера 6, инициативы и смерти сохраняются.",Проектная классификация; боевое исполнение новых правил не проверено
waitingVest,Жилет ожидания,Одежда,Very Rare,cottonCuffs,Хлопковые манжеты,Одежда,Common,Один слот — только замена,Оба предмета занимают слот «Одежда». Новый заменяет прежний; при оценке добычи связь со снимаемой вещью не учитывается.,Проектная классификация; боевое исполнение новых правил не проверено
waitingVest,Жилет ожидания,Одежда,Very Rare,teaBag,Чайный пакетик,Талисман,Common,Нет специальной связи,"Новый механизм: земля оплачивает защиту от уже полученного врагом продолжения. Вторая вещь имеет независимое условие; специального преобразования выхода в её триггер не заявлено. Общие правила ресурсов, барьера 6, инициативы и смерти сохраняются.",Проектная классификация; боевое исполнение новых правил не проверено
waitingVest,Жилет ожидания,Одежда,Very Rare,lens,Линза корректора,Кольцо,Common,Нет специальной связи,"Новый механизм: земля оплачивает защиту от уже полученного врагом продолжения. Вторая вещь имеет независимое условие; специального преобразования выхода в её триггер не заявлено. Общие правила ресурсов, барьера 6, инициативы и смерти сохраняются.",Проектная классификация; боевое исполнение новых правил не проверено
waitingVest,Жилет ожидания,Одежда,Very Rare,emberKnife,Раскалённый нож,Оружие,Uncommon,Нет специальной связи,"Новый механизм: земля оплачивает защиту от уже полученного врагом продолжения. Вторая вещь имеет независимое условие; специального преобразования выхода в её триггер не заявлено. Общие правила ресурсов, барьера 6, инициативы и смерти сохраняются.",Проектная классификация; боевое исполнение новых правил не проверено
waitingVest,Жилет ожидания,Одежда,Very Rare,archiveVest,Архивный жилет,Одежда,Uncommon,Один слот — только замена,Оба предмета занимают слот «Одежда». Новый заменяет прежний; при оценке добычи связь со снимаемой вещью не учитывается.,Проектная классификация; боевое исполнение новых правил не проверено
waitingVest,Жилет ожидания,Одежда,Very Rare,metronome,Метроном,Талисман,Uncommon,Нет специальной связи,"Новый механизм: земля оплачивает защиту от уже полученного врагом продолжения. Вторая вещь имеет независимое условие; специального преобразования выхода в её триггер не заявлено. Общие правила ресурсов, барьера 6, инициативы и смерти сохраняются.",Проектная классификация; боевое исполнение новых правил не проверено
waitingVest,Жилет ожидания,Одежда,Very Rare,fireSeal,Угольная печать,Кольцо,Uncommon,Нет специальной связи,"Новый механизм: земля оплачивает защиту от уже полученного врагом продолжения. Вторая вещь имеет независимое условие; специального преобразования выхода в её триггер не заявлено. Общие правила ресурсов, барьера 6, инициативы и смерти сохраняются.",Проектная классификация; боевое исполнение новых правил не проверено
waitingVest,Жилет ожидания,Одежда,Very Rare,mortgage,Клинок закладной,Оружие,Rare,Нет специальной связи,"Новый механизм: земля оплачивает защиту от уже полученного врагом продолжения. Вторая вещь имеет независимое условие; специального преобразования выхода в её триггер не заявлено. Общие правила ресурсов, барьера 6, инициативы и смерти сохраняются.",Проектная классификация; боевое исполнение новых правил не проверено
waitingVest,Жилет ожидания,Одежда,Very Rare,saltCoat,Соляной плащ,Одежда,Rare,Один слот — только замена,Оба предмета занимают слот «Одежда». Новый заменяет прежний; при оценке добычи связь со снимаемой вещью не учитывается.,Проектная классификация; боевое исполнение новых правил не проверено
waitingVest,Жилет ожидания,Одежда,Very Rare,prism,Трёхгранная призма,Талисман,Rare,Нет специальной связи,"Новый механизм: земля оплачивает защиту от уже полученного врагом продолжения. Вторая вещь имеет независимое условие; специального преобразования выхода в её триггер не заявлено. Общие правила ресурсов, барьера 6, инициативы и смерти сохраняются.",Проектная классификация; боевое исполнение новых правил не проверено
waitingVest,Жилет ожидания,Одежда,Very Rare,waterwheel,Водяное колесо,Кольцо,Rare,Прямая связь эффектов,Подаренная земля пригодна для обязательной оплаты 2. Эффект не требует физических земляных фишек; само пополнение не вызывает защиту без чужого продолжения.,Проектная классификация; боевое исполнение новых правил не проверено
waitingVest,Жилет ожидания,Одежда,Very Rare,glassNib,Стеклянное перо,Оружие,Very Rare,Тактическая связь,"Жилет помогает только после первого реального действия, давшего врагу продолжение. Первая атака и +1 уязвимость Пера остаются.",Проектная классификация; боевое исполнение новых правил не проверено
waitingVest,Жилет ожидания,Одежда,Very Rare,ledger,Долговая книга,Талисман,Very Rare,Нет специальной связи,"Новый механизм: земля оплачивает защиту от уже полученного врагом продолжения. Вторая вещь имеет независимое условие; специального преобразования выхода в её триггер не заявлено. Общие правила ресурсов, барьера 6, инициативы и смерти сохраняются.",Проектная классификация; боевое исполнение новых правил не проверено
waitingVest,Жилет ожидания,Одежда,Very Rare,goldenLining,Золотая подкладка,Одежда,Legendary,Один слот — только замена,Оба предмета занимают слот «Одежда». Новый заменяет прежний; при оценке добычи связь со снимаемой вещью не учитывается.,Проектная классификация; боевое исполнение новых правил не проверено
waitingVest,Жилет ожидания,Одежда,Very Rare,eclipseRing,Кольцо смены,Кольцо,Legendary,Прямая связь эффектов,Подаренная земля пригодна для обязательной оплаты 2. Эффект не требует физических земляных фишек; само пополнение не вызывает защиту без чужого продолжения.,Проектная классификация; боевое исполнение новых правил не проверено
exchangeCoupon,Обменный талон,Талисман,Uncommon,paperKnife,Нож для бумаги,Оружие,Common,Нет специальной связи,"Новый механизм: физические монеты переводят ману между запасами без создания маны. Вторая вещь имеет независимое условие; специального преобразования выхода в её триггер не заявлено. Общие правила ресурсов, барьера 6, инициативы и смерти сохраняются.",Проектная классификация; боевое исполнение новых правил не проверено
exchangeCoupon,Обменный талон,Талисман,Uncommon,stylus,Стальной стилус,Оружие,Common,Нет специальной связи,"Новый механизм: физические монеты переводят ману между запасами без создания маны. Вторая вещь имеет независимое условие; специального преобразования выхода в её триггер не заявлено. Общие правила ресурсов, барьера 6, инициативы и смерти сохраняются.",Проектная классификация; боевое исполнение новых правил не проверено
exchangeCoupon,Обменный талон,Талисман,Uncommon,coat,Рабочая куртка,Одежда,Common,Нет специальной связи,"Новый механизм: физические монеты переводят ману между запасами без создания маны. Вторая вещь имеет независимое условие; специального преобразования выхода в её триггер не заявлено. Общие правила ресурсов, барьера 6, инициативы и смерти сохраняются.",Проектная классификация; боевое исполнение новых правил не проверено
exchangeCoupon,Обменный талон,Талисман,Uncommon,apron,Фартук подмастерья,Одежда,Common,Нет специальной связи,"Новый механизм: физические монеты переводят ману между запасами без создания маны. Вторая вещь имеет независимое условие; специального преобразования выхода в её триггер не заявлено. Общие правила ресурсов, барьера 6, инициативы и смерти сохраняются.",Проектная классификация; боевое исполнение новых правил не проверено
exchangeCoupon,Обменный талон,Талисман,Uncommon,copperClip,Медная скрепка,Талисман,Common,Один слот — только замена,Оба предмета занимают слот «Талисман». Новый заменяет прежний; при оценке добычи связь со снимаемой вещью не учитывается.,Проектная классификация; боевое исполнение новых правил не проверено
exchangeCoupon,Обменный талон,Талисман,Uncommon,bluePass,Синий пропуск,Талисман,Common,Один слот — только замена,Оба предмета занимают слот «Талисман». Новый заменяет прежний; при оценке добычи связь со снимаемой вещью не учитывается.,Проектная классификация; боевое исполнение новых правил не проверено
exchangeCoupon,Обменный талон,Талисман,Uncommon,scholar,Печать стажёра,Кольцо,Common,Нет специальной связи,"Новый механизм: физические монеты переводят ману между запасами без создания маны. Вторая вещь имеет независимое условие; специального преобразования выхода в её триггер не заявлено. Общие правила ресурсов, барьера 6, инициативы и смерти сохраняются.",Проектная классификация; боевое исполнение новых правил не проверено
exchangeCoupon,Обменный талон,Талисман,Uncommon,abacus,Счётные костяшки,Кольцо,Common,Общий физический триггер,"Три физические монеты сохраняются для остальных эффектов. Талон переводит ману, не тратит золото; Подкладка отдельно оплачивает лечение, пределы независимы.",Проектная классификация; боевое исполнение новых правил не проверено
exchangeCoupon,Обменный талон,Талисман,Uncommon,tideNeedle,Игла прилива,Оружие,Uncommon,Нет специальной связи,"Новый механизм: физические монеты переводят ману между запасами без создания маны. Вторая вещь имеет независимое условие; специального преобразования выхода в её триггер не заявлено. Общие правила ресурсов, барьера 6, инициативы и смерти сохраняются.",Проектная классификация; боевое исполнение новых правил не проверено
exchangeCoupon,Обменный талон,Талисман,Uncommon,chargeSeal,Молоток наборщика,Оружие,Uncommon,Нет специальной связи,"Новый механизм: физические монеты переводят ману между запасами без создания маны. Вторая вещь имеет независимое условие; специального преобразования выхода в её триггер не заявлено. Общие правила ресурсов, барьера 6, инициативы и смерти сохраняются.",Проектная классификация; боевое исполнение новых правил не проверено
exchangeCoupon,Обменный талон,Талисман,Uncommon,pocketVest,Карманный жилет,Одежда,Uncommon,Нет специальной связи,"Новый механизм: физические монеты переводят ману между запасами без создания маны. Вторая вещь имеет независимое условие; специального преобразования выхода в её триггер не заявлено. Общие правила ресурсов, барьера 6, инициативы и смерти сохраняются.",Проектная классификация; боевое исполнение новых правил не проверено
exchangeCoupon,Обменный талон,Талисман,Uncommon,answerCloak,Плащ ответа,Одежда,Uncommon,Нет специальной связи,"Новый механизм: физические монеты переводят ману между запасами без создания маны. Вторая вещь имеет независимое условие; специального преобразования выхода в её триггер не заявлено. Общие правила ресурсов, барьера 6, инициативы и смерти сохраняются.",Проектная классификация; боевое исполнение новых правил не проверено
exchangeCoupon,Обменный талон,Талисман,Uncommon,tidePurse,Кошелёк прилива,Талисман,Uncommon,Один слот — только замена,Оба предмета занимают слот «Талисман». Новый заменяет прежний; при оценке добычи связь со снимаемой вещью не учитывается.,Проектная классификация; боевое исполнение новых правил не проверено
exchangeCoupon,Обменный талон,Талисман,Uncommon,reservoir,Резервуар,Талисман,Uncommon,Один слот — только замена,Оба предмета занимают слот «Талисман». Новый заменяет прежний; при оценке добычи связь со снимаемой вещью не учитывается.,Проектная классификация; боевое исполнение новых правил не проверено
exchangeCoupon,Обменный талон,Талисман,Uncommon,wick,Фитиль,Талисман,Uncommon,Один слот — только замена,Оба предмета занимают слот «Талисман». Новый заменяет прежний; при оценке добычи связь со снимаемой вещью не учитывается.,Проектная классификация; боевое исполнение новых правил не проверено
exchangeCoupon,Обменный талон,Талисман,Uncommon,conductor,Кольцо проводника,Кольцо,Uncommon,Нет специальной связи,"Новый механизм: физические монеты переводят ману между запасами без создания маны. Вторая вещь имеет независимое условие; специального преобразования выхода в её триггер не заявлено. Общие правила ресурсов, барьера 6, инициативы и смерти сохраняются.",Проектная классификация; боевое исполнение новых правил не проверено
exchangeCoupon,Обменный талон,Талисман,Uncommon,fullBlade,Полный клинок,Оружие,Rare,Компромисс / условность,"Перевод 2 может завершить приёмник, но снять полный источник; оценивать все полные цвета после перевода, а не объявлять безусловную синергию.",Проектная классификация; боевое исполнение новых правил не проверено
exchangeCoupon,Обменный талон,Талисман,Uncommon,contractBlade,Договорной клинок,Оружие,Rare,Нет специальной связи,"Новый механизм: физические монеты переводят ману между запасами без создания маны. Вторая вещь имеет независимое условие; специального преобразования выхода в её триггер не заявлено. Общие правила ресурсов, барьера 6, инициативы и смерти сохраняются.",Проектная классификация; боевое исполнение новых правил не проверено
exchangeCoupon,Обменный талон,Талисман,Uncommon,veil,Плащ тени,Одежда,Rare,Нет специальной связи,"Новый механизм: физические монеты переводят ману между запасами без создания маны. Вторая вещь имеет независимое условие; специального преобразования выхода в её триггер не заявлено. Общие правила ресурсов, барьера 6, инициативы и смерти сохраняются.",Проектная классификация; боевое исполнение новых правил не проверено
exchangeCoupon,Обменный талон,Талисман,Uncommon,overflowRobe,Мантия переполнения,Одежда,Rare,Нет специальной связи,"Перенос допускается только при свободном месте 2, не создаёт перелива. Обычная добыча и другие подарки отдельно могут активировать Мантию.",Проектная классификация; боевое исполнение новых правил не проверено
exchangeCoupon,Обменный талон,Талисман,Uncommon,catalyst,Катализатор,Талисман,Rare,Один слот — только замена,Оба предмета занимают слот «Талисман». Новый заменяет прежний; при оценке добычи связь со снимаемой вещью не учитывается.,Проектная классификация; боевое исполнение новых правил не проверено
exchangeCoupon,Обменный талон,Талисман,Uncommon,mint,Монетный пресс,Кольцо,Rare,Общий физический триггер,"Обычное начисление золота может запустить Пресс, а физические монеты — Талон. Талон не даёт дополнительного золота и не удваивает активацию Пресса.",Проектная классификация; боевое исполнение новых правил не проверено
exchangeCoupon,Обменный талон,Талисман,Uncommon,ward,Сухая печать,Кольцо,Rare,Нет специальной связи,"Новый механизм: физические монеты переводят ману между запасами без создания маны. Вторая вещь имеет независимое условие; специального преобразования выхода в её триггер не заявлено. Общие правила ресурсов, барьера 6, инициативы и смерти сохраняются.",Проектная классификация; боевое исполнение новых правил не проверено
exchangeCoupon,Обменный талон,Талисман,Uncommon,bloodInkwell,Кровавая чернильница,Кольцо,Rare,Нет специальной связи,"Новый механизм: физические монеты переводят ману между запасами без создания маны. Вторая вещь имеет независимое условие; специального преобразования выхода в её триггер не заявлено. Общие правила ресурсов, барьера 6, инициативы и смерти сохраняются.",Проектная классификация; боевое исполнение новых правил не проверено
exchangeCoupon,Обменный талон,Талисман,Uncommon,quarterCutter,Четвертной резак,Оружие,Very Rare,Нет специальной связи,"Новый механизм: физические монеты переводят ману между запасами без создания маны. Вторая вещь имеет независимое условие; специального преобразования выхода в её триггер не заявлено. Общие правила ресурсов, барьера 6, инициативы и смерти сохраняются.",Проектная классификация; боевое исполнение новых правил не проверено
exchangeCoupon,Обменный талон,Талисман,Uncommon,mirrorVest,Зеркальная жилетка,Одежда,Very Rare,Нет специальной связи,"Новый механизм: физические монеты переводят ману между запасами без создания маны. Вторая вещь имеет независимое условие; специального преобразования выхода в её триггер не заявлено. Общие правила ресурсов, барьера 6, инициативы и смерти сохраняются.",Проектная классификация; боевое исполнение новых правил не проверено
exchangeCoupon,Обменный талон,Талисман,Uncommon,insurance,Страховой полис,Талисман,Very Rare,Один слот — только замена,Оба предмета занимают слот «Талисман». Новый заменяет прежний; при оценке добычи связь со снимаемой вещью не учитывается.,Проектная классификация; боевое исполнение новых правил не проверено
exchangeCoupon,Обменный талон,Талисман,Uncommon,carbonPaper,Копирка,Талисман,Very Rare,Один слот — только замена,Оба предмета занимают слот «Талисман». Новый заменяет прежний; при оценке добычи связь со снимаемой вещью не учитывается.,Проектная классификация; боевое исполнение новых правил не проверено
exchangeCoupon,Обменный талон,Талисман,Uncommon,capacitor,Кольцо-конденсатор,Кольцо,Very Rare,Нет специальной связи,Перевод между резервами не является оплатой заклинания и не двигает счётчик 12 мана. Последующий настоящий cast считается обычно.,Проектная классификация; боевое исполнение новых правил не проверено
exchangeCoupon,Обменный талон,Талисман,Uncommon,directorPen,Перо директора,Оружие,Legendary,Нет специальной связи,"Новый механизм: физические монеты переводят ману между запасами без создания маны. Вторая вещь имеет независимое условие; специального преобразования выхода в её триггер не заявлено. Общие правила ресурсов, барьера 6, инициативы и смерти сохраняются.",Проектная классификация; боевое исполнение новых правил не проверено
exchangeCoupon,Обменный талон,Талисман,Uncommon,spinningTop,Вечная юла,Талисман,Legendary,Один слот — только замена,Оба предмета занимают слот «Талисман». Новый заменяет прежний; при оценке добычи связь со снимаемой вещью не учитывается.,Проектная классификация; боевое исполнение новых правил не проверено
exchangeCoupon,Обменный талон,Талисман,Uncommon,infiniteDiploma,Диплом бесконечности,Кольцо,Legendary,Тактическая связь,Диплом наполняет разные цвета; физические монеты могут перераспределить запас. Равные доли запасов не запускают Талон.,Проектная классификация; боевое исполнение новых правил не проверено
exchangeCoupon,Обменный талон,Талисман,Uncommon,graphite,Графитовый резец,Оружие,Common,Нет специальной связи,"Новый механизм: физические монеты переводят ману между запасами без создания маны. Вторая вещь имеет независимое условие; специального преобразования выхода в её триггер не заявлено. Общие правила ресурсов, барьера 6, инициативы и смерти сохраняются.",Проектная классификация; боевое исполнение новых правил не проверено
exchangeCoupon,Обменный талон,Талисман,Uncommon,cottonCuffs,Хлопковые манжеты,Одежда,Common,Нет специальной связи,"Новый механизм: физические монеты переводят ману между запасами без создания маны. Вторая вещь имеет независимое условие; специального преобразования выхода в её триггер не заявлено. Общие правила ресурсов, барьера 6, инициативы и смерти сохраняются.",Проектная классификация; боевое исполнение новых правил не проверено
exchangeCoupon,Обменный талон,Талисман,Uncommon,teaBag,Чайный пакетик,Талисман,Common,Один слот — только замена,Оба предмета занимают слот «Талисман». Новый заменяет прежний; при оценке добычи связь со снимаемой вещью не учитывается.,Проектная классификация; боевое исполнение новых правил не проверено
exchangeCoupon,Обменный талон,Талисман,Uncommon,lens,Линза корректора,Кольцо,Common,Нет специальной связи,"Новый механизм: физические монеты переводят ману между запасами без создания маны. Вторая вещь имеет независимое условие; специального преобразования выхода в её триггер не заявлено. Общие правила ресурсов, барьера 6, инициативы и смерти сохраняются.",Проектная классификация; боевое исполнение новых правил не проверено
exchangeCoupon,Обменный талон,Талисман,Uncommon,emberKnife,Раскалённый нож,Оружие,Uncommon,Нет специальной связи,"Новый механизм: физические монеты переводят ману между запасами без создания маны. Вторая вещь имеет независимое условие; специального преобразования выхода в её триггер не заявлено. Общие правила ресурсов, барьера 6, инициативы и смерти сохраняются.",Проектная классификация; боевое исполнение новых правил не проверено
exchangeCoupon,Обменный талон,Талисман,Uncommon,archiveVest,Архивный жилет,Одежда,Uncommon,Нет специальной связи,"Новый механизм: физические монеты переводят ману между запасами без создания маны. Вторая вещь имеет независимое условие; специального преобразования выхода в её триггер не заявлено. Общие правила ресурсов, барьера 6, инициативы и смерти сохраняются.",Проектная классификация; боевое исполнение новых правил не проверено
exchangeCoupon,Обменный талон,Талисман,Uncommon,metronome,Метроном,Талисман,Uncommon,Один слот — только замена,Оба предмета занимают слот «Талисман». Новый заменяет прежний; при оценке добычи связь со снимаемой вещью не учитывается.,Проектная классификация; боевое исполнение новых правил не проверено
exchangeCoupon,Обменный талон,Талисман,Uncommon,fireSeal,Угольная печать,Кольцо,Uncommon,Нет специальной связи,"Новый механизм: физические монеты переводят ману между запасами без создания маны. Вторая вещь имеет независимое условие; специального преобразования выхода в её триггер не заявлено. Общие правила ресурсов, барьера 6, инициативы и смерти сохраняются.",Проектная классификация; боевое исполнение новых правил не проверено
exchangeCoupon,Обменный талон,Талисман,Uncommon,mortgage,Клинок закладной,Оружие,Rare,Нет специальной связи,"Новый механизм: физические монеты переводят ману между запасами без создания маны. Вторая вещь имеет независимое условие; специального преобразования выхода в её триггер не заявлено. Общие правила ресурсов, барьера 6, инициативы и смерти сохраняются.",Проектная классификация; боевое исполнение новых правил не проверено
exchangeCoupon,Обменный талон,Талисман,Uncommon,saltCoat,Соляной плащ,Одежда,Rare,Нет специальной связи,"Новый механизм: физические монеты переводят ману между запасами без создания маны. Вторая вещь имеет независимое условие; специального преобразования выхода в её триггер не заявлено. Общие правила ресурсов, барьера 6, инициативы и смерти сохраняются.",Проектная классификация; боевое исполнение новых правил не проверено
exchangeCoupon,Обменный талон,Талисман,Uncommon,prism,Трёхгранная призма,Талисман,Rare,Один слот — только замена,Оба предмета занимают слот «Талисман». Новый заменяет прежний; при оценке добычи связь со снимаемой вещью не учитывается.,Проектная классификация; боевое исполнение новых правил не проверено
exchangeCoupon,Обменный талон,Талисман,Uncommon,waterwheel,Водяное колесо,Кольцо,Rare,Компромисс / условность,"Колесо отдельно тратит до 2 огня и даёт землю; Талон работает по снимку уже доступных запасов своей фазы, а не по тегам. Возможна потеря желанного полного цвета.",Проектная классификация; боевое исполнение новых правил не проверено
exchangeCoupon,Обменный талон,Талисман,Uncommon,glassNib,Стеклянное перо,Оружие,Very Rare,Нет специальной связи,"Новый механизм: физические монеты переводят ману между запасами без создания маны. Вторая вещь имеет независимое условие; специального преобразования выхода в её триггер не заявлено. Общие правила ресурсов, барьера 6, инициативы и смерти сохраняются.",Проектная классификация; боевое исполнение новых правил не проверено
exchangeCoupon,Обменный талон,Талисман,Uncommon,ledger,Долговая книга,Талисман,Very Rare,Один слот — только замена,Оба предмета занимают слот «Талисман». Новый заменяет прежний; при оценке добычи связь со снимаемой вещью не учитывается.,Проектная классификация; боевое исполнение новых правил не проверено
exchangeCoupon,Обменный талон,Талисман,Uncommon,goldenLining,Золотая подкладка,Одежда,Legendary,Общий физический триггер,"Три физические монеты сохраняются для остальных эффектов. Талон переводит ману, не тратит золото; Подкладка отдельно оплачивает лечение, пределы независимы.",Проектная классификация; боевое исполнение новых правил не проверено
exchangeCoupon,Обменный талон,Талисман,Uncommon,eclipseRing,Кольцо смены,Кольцо,Legendary,Нет специальной связи,"Новый механизм: физические монеты переводят ману между запасами без создания маны. Вторая вещь имеет независимое условие; специального преобразования выхода в её триггер не заявлено. Общие правила ресурсов, барьера 6, инициативы и смерти сохраняются.",Проектная классификация; боевое исполнение новых правил не проверено
safetyMagnet,Магнит для скрепок,Талисман,Rare,paperKnife,Нож для бумаги,Оружие,Common,Нет специальной связи,"Новый механизм: физический воздух первой волны обезвреживает один выживший взрывной череп. Вторая вещь имеет независимое условие; специального преобразования выхода в её триггер не заявлено. Общие правила ресурсов, барьера 6, инициативы и смерти сохраняются.",Проектная классификация; боевое исполнение новых правил не проверено
safetyMagnet,Магнит для скрепок,Талисман,Rare,stylus,Стальной стилус,Оружие,Common,Нет специальной связи,"Новый механизм: физический воздух первой волны обезвреживает один выживший взрывной череп. Вторая вещь имеет независимое условие; специального преобразования выхода в её триггер не заявлено. Общие правила ресурсов, барьера 6, инициативы и смерти сохраняются.",Проектная классификация; боевое исполнение новых правил не проверено
safetyMagnet,Магнит для скрепок,Талисман,Rare,coat,Рабочая куртка,Одежда,Common,Нет специальной связи,"Новый механизм: физический воздух первой волны обезвреживает один выживший взрывной череп. Вторая вещь имеет независимое условие; специального преобразования выхода в её триггер не заявлено. Общие правила ресурсов, барьера 6, инициативы и смерти сохраняются.",Проектная классификация; боевое исполнение новых правил не проверено
safetyMagnet,Магнит для скрепок,Талисман,Rare,apron,Фартук подмастерья,Одежда,Common,Нет специальной связи,"Новый механизм: физический воздух первой волны обезвреживает один выживший взрывной череп. Вторая вещь имеет независимое условие; специального преобразования выхода в её триггер не заявлено. Общие правила ресурсов, барьера 6, инициативы и смерти сохраняются.",Проектная классификация; боевое исполнение новых правил не проверено
safetyMagnet,Магнит для скрепок,Талисман,Rare,copperClip,Медная скрепка,Талисман,Common,Один слот — только замена,Оба предмета занимают слот «Талисман». Новый заменяет прежний; при оценке добычи связь со снимаемой вещью не учитывается.,Проектная классификация; боевое исполнение новых правил не проверено
safetyMagnet,Магнит для скрепок,Талисман,Rare,bluePass,Синий пропуск,Талисман,Common,Один слот — только замена,Оба предмета занимают слот «Талисман». Новый заменяет прежний; при оценке добычи связь со снимаемой вещью не учитывается.,Проектная классификация; боевое исполнение новых правил не проверено
safetyMagnet,Магнит для скрепок,Талисман,Rare,scholar,Печать стажёра,Кольцо,Common,Нет специальной связи,"Новый механизм: физический воздух первой волны обезвреживает один выживший взрывной череп. Вторая вещь имеет независимое условие; специального преобразования выхода в её триггер не заявлено. Общие правила ресурсов, барьера 6, инициативы и смерти сохраняются.",Проектная классификация; боевое исполнение новых правил не проверено
safetyMagnet,Магнит для скрепок,Талисман,Rare,abacus,Счётные костяшки,Кольцо,Common,Нет специальной связи,"Новый механизм: физический воздух первой волны обезвреживает один выживший взрывной череп. Вторая вещь имеет независимое условие; специального преобразования выхода в её триггер не заявлено. Общие правила ресурсов, барьера 6, инициативы и смерти сохраняются.",Проектная классификация; боевое исполнение новых правил не проверено
safetyMagnet,Магнит для скрепок,Талисман,Rare,tideNeedle,Игла прилива,Оружие,Uncommon,Нет специальной связи,"Новый механизм: физический воздух первой волны обезвреживает один выживший взрывной череп. Вторая вещь имеет независимое условие; специального преобразования выхода в её триггер не заявлено. Общие правила ресурсов, барьера 6, инициативы и смерти сохраняются.",Проектная классификация; боевое исполнение новых правил не проверено
safetyMagnet,Магнит для скрепок,Талисман,Rare,chargeSeal,Молоток наборщика,Оружие,Uncommon,Компромисс / условность,"Длинные группы черепов по-прежнему усиливаются; снятие +5 может лишить игрока собственной выгодной цепочки взрыва. Это выбор общего поля, не чистое усиление.",Проектная классификация; боевое исполнение новых правил не проверено
safetyMagnet,Магнит для скрепок,Талисман,Rare,pocketVest,Карманный жилет,Одежда,Uncommon,Нет специальной связи,"Новый механизм: физический воздух первой волны обезвреживает один выживший взрывной череп. Вторая вещь имеет независимое условие; специального преобразования выхода в её триггер не заявлено. Общие правила ресурсов, барьера 6, инициативы и смерти сохраняются.",Проектная классификация; боевое исполнение новых правил не проверено
safetyMagnet,Магнит для скрепок,Талисман,Rare,answerCloak,Плащ ответа,Одежда,Uncommon,Нет специальной связи,"Новый механизм: физический воздух первой волны обезвреживает один выживший взрывной череп. Вторая вещь имеет независимое условие; специального преобразования выхода в её триггер не заявлено. Общие правила ресурсов, барьера 6, инициативы и смерти сохраняются.",Проектная классификация; боевое исполнение новых правил не проверено
safetyMagnet,Магнит для скрепок,Талисман,Rare,tidePurse,Кошелёк прилива,Талисман,Uncommon,Один слот — только замена,Оба предмета занимают слот «Талисман». Новый заменяет прежний; при оценке добычи связь со снимаемой вещью не учитывается.,Проектная классификация; боевое исполнение новых правил не проверено
safetyMagnet,Магнит для скрепок,Талисман,Rare,reservoir,Резервуар,Талисман,Uncommon,Один слот — только замена,Оба предмета занимают слот «Талисман». Новый заменяет прежний; при оценке добычи связь со снимаемой вещью не учитывается.,Проектная классификация; боевое исполнение новых правил не проверено
safetyMagnet,Магнит для скрепок,Талисман,Rare,wick,Фитиль,Талисман,Uncommon,Один слот — только замена,Оба предмета занимают слот «Талисман». Новый заменяет прежний; при оценке добычи связь со снимаемой вещью не учитывается.,Проектная классификация; боевое исполнение новых правил не проверено
safetyMagnet,Магнит для скрепок,Талисман,Rare,conductor,Кольцо проводника,Кольцо,Uncommon,Общий физический триггер,"Тот же настоящий воздух участвует в цветовых счётчиках, если соблюдены их остальные условия. Снятие взрывного качестване считается дополнительным цветом.",Проектная классификация; боевое исполнение новых правил не проверено
safetyMagnet,Магнит для скрепок,Талисман,Rare,fullBlade,Полный клинок,Оружие,Rare,Нет специальной связи,"Новый механизм: физический воздух первой волны обезвреживает один выживший взрывной череп. Вторая вещь имеет независимое условие; специального преобразования выхода в её триггер не заявлено. Общие правила ресурсов, барьера 6, инициативы и смерти сохраняются.",Проектная классификация; боевое исполнение новых правил не проверено
safetyMagnet,Магнит для скрепок,Талисман,Rare,contractBlade,Договорной клинок,Оружие,Rare,Нет специальной связи,"Новый механизм: физический воздух первой волны обезвреживает один выживший взрывной череп. Вторая вещь имеет независимое условие; специального преобразования выхода в её триггер не заявлено. Общие правила ресурсов, барьера 6, инициативы и смерти сохраняются.",Проектная классификация; боевое исполнение новых правил не проверено
safetyMagnet,Магнит для скрепок,Талисман,Rare,veil,Плащ тени,Одежда,Rare,Нет специальной связи,"Новый механизм: физический воздух первой волны обезвреживает один выживший взрывной череп. Вторая вещь имеет независимое условие; специального преобразования выхода в её триггер не заявлено. Общие правила ресурсов, барьера 6, инициативы и смерти сохраняются.",Проектная классификация; боевое исполнение новых правил не проверено
safetyMagnet,Магнит для скрепок,Талисман,Rare,overflowRobe,Мантия переполнения,Одежда,Rare,Нет специальной связи,"Новый механизм: физический воздух первой волны обезвреживает один выживший взрывной череп. Вторая вещь имеет независимое условие; специального преобразования выхода в её триггер не заявлено. Общие правила ресурсов, барьера 6, инициативы и смерти сохраняются.",Проектная классификация; боевое исполнение новых правил не проверено
safetyMagnet,Магнит для скрепок,Талисман,Rare,catalyst,Катализатор,Талисман,Rare,Один слот — только замена,Оба предмета занимают слот «Талисман». Новый заменяет прежний; при оценке добычи связь со снимаемой вещью не учитывается.,Проектная классификация; боевое исполнение новых правил не проверено
safetyMagnet,Магнит для скрепок,Талисман,Rare,mint,Монетный пресс,Кольцо,Rare,Тактическая связь,"Пресс создаёт обычный череп, который Магнит не обезвреживает. Новая обычная фишка может сочетаться с оставшейся доской, но автоматической цепочки нет.",Проектная классификация; боевое исполнение новых правил не проверено
safetyMagnet,Магнит для скрепок,Талисман,Rare,ward,Сухая печать,Кольцо,Rare,Нет специальной связи,"Новый механизм: физический воздух первой волны обезвреживает один выживший взрывной череп. Вторая вещь имеет независимое условие; специального преобразования выхода в её триггер не заявлено. Общие правила ресурсов, барьера 6, инициативы и смерти сохраняются.",Проектная классификация; боевое исполнение новых правил не проверено
safetyMagnet,Магнит для скрепок,Талисман,Rare,bloodInkwell,Кровавая чернильница,Кольцо,Rare,Нет специальной связи,"Новый механизм: физический воздух первой волны обезвреживает один выживший взрывной череп. Вторая вещь имеет независимое условие; специального преобразования выхода в её триггер не заявлено. Общие правила ресурсов, барьера 6, инициативы и смерти сохраняются.",Проектная классификация; боевое исполнение новых правил не проверено
safetyMagnet,Магнит для скрепок,Талисман,Rare,quarterCutter,Четвертной резак,Оружие,Very Rare,Компромисс / условность,"Длинные группы черепов по-прежнему усиливаются; снятие +5 может лишить игрока собственной выгодной цепочки взрыва. Это выбор общего поля, не чистое усиление.",Проектная классификация; боевое исполнение новых правил не проверено
safetyMagnet,Магнит для скрепок,Талисман,Rare,mirrorVest,Зеркальная жилетка,Одежда,Very Rare,Нет специальной связи,"Новый механизм: физический воздух первой волны обезвреживает один выживший взрывной череп. Вторая вещь имеет независимое условие; специального преобразования выхода в её триггер не заявлено. Общие правила ресурсов, барьера 6, инициативы и смерти сохраняются.",Проектная классификация; боевое исполнение новых правил не проверено
safetyMagnet,Магнит для скрепок,Талисман,Rare,insurance,Страховой полис,Талисман,Very Rare,Один слот — только замена,Оба предмета занимают слот «Талисман». Новый заменяет прежний; при оценке добычи связь со снимаемой вещью не учитывается.,Проектная классификация; боевое исполнение новых правил не проверено
safetyMagnet,Магнит для скрепок,Талисман,Rare,carbonPaper,Копирка,Талисман,Very Rare,Один слот — только замена,Оба предмета занимают слот «Талисман». Новый заменяет прежний; при оценке добычи связь со снимаемой вещью не учитывается.,Проектная классификация; боевое исполнение новых правил не проверено
safetyMagnet,Магнит для скрепок,Талисман,Rare,capacitor,Кольцо-конденсатор,Кольцо,Very Rare,Нет специальной связи,"Новый механизм: физический воздух первой волны обезвреживает один выживший взрывной череп. Вторая вещь имеет независимое условие; специального преобразования выхода в её триггер не заявлено. Общие правила ресурсов, барьера 6, инициативы и смерти сохраняются.",Проектная классификация; боевое исполнение новых правил не проверено
safetyMagnet,Магнит для скрепок,Талисман,Rare,directorPen,Перо директора,Оружие,Legendary,Общий физический триггер,"Тот же настоящий воздух участвует в цветовых счётчиках, если соблюдены их остальные условия. Снятие взрывного качестване считается дополнительным цветом.",Проектная классификация; боевое исполнение новых правил не проверено
safetyMagnet,Магнит для скрепок,Талисман,Rare,spinningTop,Вечная юла,Талисман,Legendary,Один слот — только замена,Оба предмета занимают слот «Талисман». Новый заменяет прежний; при оценке добычи связь со снимаемой вещью не учитывается.,Проектная классификация; боевое исполнение новых правил не проверено
safetyMagnet,Магнит для скрепок,Талисман,Rare,infiniteDiploma,Диплом бесконечности,Кольцо,Legendary,Нет специальной связи,"Новый механизм: физический воздух первой волны обезвреживает один выживший взрывной череп. Вторая вещь имеет независимое условие; специального преобразования выхода в её триггер не заявлено. Общие правила ресурсов, барьера 6, инициативы и смерти сохраняются.",Проектная классификация; боевое исполнение новых правил не проверено
safetyMagnet,Магнит для скрепок,Талисман,Rare,graphite,Графитовый резец,Оружие,Common,Общий физический триггер,"Три физические воздуха первой волны одновременно готовят Графит. Урон получает подходящая волна черепов того же действия после или одновременно со сбором воздуха, не само обезвреживание. На следующее действие заряд не переносится.",Проектная классификация; боевое исполнение новых правил не проверено
safetyMagnet,Магнит для скрепок,Талисман,Rare,cottonCuffs,Хлопковые манжеты,Одежда,Common,Нет специальной связи,"Новый механизм: физический воздух первой волны обезвреживает один выживший взрывной череп. Вторая вещь имеет независимое условие; специального преобразования выхода в её триггер не заявлено. Общие правила ресурсов, барьера 6, инициативы и смерти сохраняются.",Проектная классификация; боевое исполнение новых правил не проверено
safetyMagnet,Магнит для скрепок,Талисман,Rare,teaBag,Чайный пакетик,Талисман,Common,Один слот — только замена,Оба предмета занимают слот «Талисман». Новый заменяет прежний; при оценке добычи связь со снимаемой вещью не учитывается.,Проектная классификация; боевое исполнение новых правил не проверено
safetyMagnet,Магнит для скрепок,Талисман,Rare,lens,Линза корректора,Кольцо,Common,Нет специальной связи,"Линза даёт ману воздуха, не три физических воздуха: она не активирует Магнит.",Проектная классификация; боевое исполнение новых правил не проверено
safetyMagnet,Магнит для скрепок,Талисман,Rare,emberKnife,Раскалённый нож,Оружие,Uncommon,Нет специальной связи,"Новый механизм: физический воздух первой волны обезвреживает один выживший взрывной череп. Вторая вещь имеет независимое условие; специального преобразования выхода в её триггер не заявлено. Общие правила ресурсов, барьера 6, инициативы и смерти сохраняются.",Проектная классификация; боевое исполнение новых правил не проверено
safetyMagnet,Магнит для скрепок,Талисман,Rare,archiveVest,Архивный жилет,Одежда,Uncommon,Нет специальной связи,"Новый механизм: физический воздух первой волны обезвреживает один выживший взрывной череп. Вторая вещь имеет независимое условие; специального преобразования выхода в её триггер не заявлено. Общие правила ресурсов, барьера 6, инициативы и смерти сохраняются.",Проектная классификация; боевое исполнение новых правил не проверено
safetyMagnet,Магнит для скрепок,Талисман,Rare,metronome,Метроном,Талисман,Uncommon,Один слот — только замена,Оба предмета занимают слот «Талисман». Новый заменяет прежний; при оценке добычи связь со снимаемой вещью не учитывается.,Проектная классификация; боевое исполнение новых правил не проверено
safetyMagnet,Магнит для скрепок,Талисман,Rare,fireSeal,Угольная печать,Кольцо,Uncommon,Нет специальной связи,"Новый механизм: физический воздух первой волны обезвреживает один выживший взрывной череп. Вторая вещь имеет независимое условие; специального преобразования выхода в её триггер не заявлено. Общие правила ресурсов, барьера 6, инициативы и смерти сохраняются.",Проектная классификация; боевое исполнение новых правил не проверено
safetyMagnet,Магнит для скрепок,Талисман,Rare,mortgage,Клинок закладной,Оружие,Rare,Нет специальной связи,"Новый механизм: физический воздух первой волны обезвреживает один выживший взрывной череп. Вторая вещь имеет независимое условие; специального преобразования выхода в её триггер не заявлено. Общие правила ресурсов, барьера 6, инициативы и смерти сохраняются.",Проектная классификация; боевое исполнение новых правил не проверено
safetyMagnet,Магнит для скрепок,Талисман,Rare,saltCoat,Соляной плащ,Одежда,Rare,Нет специальной связи,"Новый механизм: физический воздух первой волны обезвреживает один выживший взрывной череп. Вторая вещь имеет независимое условие; специального преобразования выхода в её триггер не заявлено. Общие правила ресурсов, барьера 6, инициативы и смерти сохраняются.",Проектная классификация; боевое исполнение новых правил не проверено
safetyMagnet,Магнит для скрепок,Талисман,Rare,prism,Трёхгранная призма,Талисман,Rare,Один слот — только замена,Оба предмета занимают слот «Талисман». Новый заменяет прежний; при оценке добычи связь со снимаемой вещью не учитывается.,Проектная классификация; боевое исполнение новых правил не проверено
safetyMagnet,Магнит для скрепок,Талисман,Rare,waterwheel,Водяное колесо,Кольцо,Rare,Нет специальной связи,"Новый механизм: физический воздух первой волны обезвреживает один выживший взрывной череп. Вторая вещь имеет независимое условие; специального преобразования выхода в её триггер не заявлено. Общие правила ресурсов, барьера 6, инициативы и смерти сохраняются.",Проектная классификация; боевое исполнение новых правил не проверено
safetyMagnet,Магнит для скрепок,Талисман,Rare,glassNib,Стеклянное перо,Оружие,Very Rare,Нет специальной связи,"Новый механизм: физический воздух первой волны обезвреживает один выживший взрывной череп. Вторая вещь имеет независимое условие; специального преобразования выхода в её триггер не заявлено. Общие правила ресурсов, барьера 6, инициативы и смерти сохраняются.",Проектная классификация; боевое исполнение новых правил не проверено
safetyMagnet,Магнит для скрепок,Талисман,Rare,ledger,Долговая книга,Талисман,Very Rare,Один слот — только замена,Оба предмета занимают слот «Талисман». Новый заменяет прежний; при оценке добычи связь со снимаемой вещью не учитывается.,Проектная классификация; боевое исполнение новых правил не проверено
safetyMagnet,Магнит для скрепок,Талисман,Rare,goldenLining,Золотая подкладка,Одежда,Legendary,Нет специальной связи,"Новый механизм: физический воздух первой волны обезвреживает один выживший взрывной череп. Вторая вещь имеет независимое условие; специального преобразования выхода в её триггер не заявлено. Общие правила ресурсов, барьера 6, инициативы и смерти сохраняются.",Проектная классификация; боевое исполнение новых правил не проверено
safetyMagnet,Магнит для скрепок,Талисман,Rare,eclipseRing,Кольцо смены,Кольцо,Legendary,Нет специальной связи,"Новый механизм: физический воздух первой волны обезвреживает один выживший взрывной череп. Вторая вещь имеет независимое условие; специального преобразования выхода в её триггер не заявлено. Общие правила ресурсов, барьера 6, инициативы и смерти сохраняются.",Проектная классификация; боевое исполнение новых правил не проверено
agreementSheet,Лист согласования,Талисман,Rare,paperKnife,Нож для бумаги,Оружие,Common,Нет специальной связи,"Новый механизм: обычная тройка воды первой волны оставляет падающую земляную фишку. Вторая вещь имеет независимое условие; специального преобразования выхода в её триггер не заявлено. Общие правила ресурсов, барьера 6, инициативы и смерти сохраняются.",Проектная классификация; боевое исполнение новых правил не проверено
agreementSheet,Лист согласования,Талисман,Rare,stylus,Стальной стилус,Оружие,Common,Нет специальной связи,"Новый механизм: обычная тройка воды первой волны оставляет падающую земляную фишку. Вторая вещь имеет независимое условие; специального преобразования выхода в её триггер не заявлено. Общие правила ресурсов, барьера 6, инициативы и смерти сохраняются.",Проектная классификация; боевое исполнение новых правил не проверено
agreementSheet,Лист согласования,Талисман,Rare,coat,Рабочая куртка,Одежда,Common,Нет специальной связи,"Новый механизм: обычная тройка воды первой волны оставляет падающую земляную фишку. Вторая вещь имеет независимое условие; специального преобразования выхода в её триггер не заявлено. Общие правила ресурсов, барьера 6, инициативы и смерти сохраняются.",Проектная классификация; боевое исполнение новых правил не проверено
agreementSheet,Лист согласования,Талисман,Rare,apron,Фартук подмастерья,Одежда,Common,Прямая связь эффектов,"Если оставленная земля реально собрана в последующем каскаде, она учитывается в обычном физическом триггере. Само создание земли ничего не начисляет.",Проектная классификация; боевое исполнение новых правил не проверено
agreementSheet,Лист согласования,Талисман,Rare,copperClip,Медная скрепка,Талисман,Common,Один слот — только замена,Оба предмета занимают слот «Талисман». Новый заменяет прежний; при оценке добычи связь со снимаемой вещью не учитывается.,Проектная классификация; боевое исполнение новых правил не проверено
agreementSheet,Лист согласования,Талисман,Rare,bluePass,Синий пропуск,Талисман,Common,Один слот — только замена,Оба предмета занимают слот «Талисман». Новый заменяет прежний; при оценке добычи связь со снимаемой вещью не учитывается.,Проектная классификация; боевое исполнение новых правил не проверено
agreementSheet,Лист согласования,Талисман,Rare,scholar,Печать стажёра,Кольцо,Common,Нет специальной связи,"Новый механизм: обычная тройка воды первой волны оставляет падающую земляную фишку. Вторая вещь имеет независимое условие; специального преобразования выхода в её триггер не заявлено. Общие правила ресурсов, барьера 6, инициативы и смерти сохраняются.",Проектная классификация; боевое исполнение новых правил не проверено
agreementSheet,Лист согласования,Талисман,Rare,abacus,Счётные костяшки,Кольцо,Common,Нет специальной связи,"Новый механизм: обычная тройка воды первой волны оставляет падающую земляную фишку. Вторая вещь имеет независимое условие; специального преобразования выхода в её триггер не заявлено. Общие правила ресурсов, барьера 6, инициативы и смерти сохраняются.",Проектная классификация; боевое исполнение новых правил не проверено
agreementSheet,Лист согласования,Талисман,Rare,tideNeedle,Игла прилива,Оружие,Uncommon,Общий физический триггер,"Исходные 3 воды считаются полностью, базовая мана уменьшается на 1. Созданная земля ещё не собрана; физический земляной эффект возможен лишь в последующей волне.",Проектная классификация; боевое исполнение новых правил не проверено
agreementSheet,Лист согласования,Талисман,Rare,chargeSeal,Молоток наборщика,Оружие,Uncommon,Нет специальной связи,"Новый механизм: обычная тройка воды первой волны оставляет падающую земляную фишку. Вторая вещь имеет независимое условие; специального преобразования выхода в её триггер не заявлено. Общие правила ресурсов, барьера 6, инициативы и смерти сохраняются.",Проектная классификация; боевое исполнение новых правил не проверено
agreementSheet,Лист согласования,Талисман,Rare,pocketVest,Карманный жилет,Одежда,Uncommon,Нет специальной связи,"Новый механизм: обычная тройка воды первой волны оставляет падающую земляную фишку. Вторая вещь имеет независимое условие; специального преобразования выхода в её триггер не заявлено. Общие правила ресурсов, барьера 6, инициативы и смерти сохраняются.",Проектная классификация; боевое исполнение новых правил не проверено
agreementSheet,Лист согласования,Талисман,Rare,answerCloak,Плащ ответа,Одежда,Uncommon,Нет специальной связи,"Новый механизм: обычная тройка воды первой волны оставляет падающую земляную фишку. Вторая вещь имеет независимое условие; специального преобразования выхода в её триггер не заявлено. Общие правила ресурсов, барьера 6, инициативы и смерти сохраняются.",Проектная классификация; боевое исполнение новых правил не проверено
agreementSheet,Лист согласования,Талисман,Rare,tidePurse,Кошелёк прилива,Талисман,Uncommon,Один слот — только замена,Оба предмета занимают слот «Талисман». Новый заменяет прежний; при оценке добычи связь со снимаемой вещью не учитывается.,Проектная классификация; боевое исполнение новых правил не проверено
agreementSheet,Лист согласования,Талисман,Rare,reservoir,Резервуар,Талисман,Uncommon,Один слот — только замена,Оба предмета занимают слот «Талисман». Новый заменяет прежний; при оценке добычи связь со снимаемой вещью не учитывается.,Проектная классификация; боевое исполнение новых правил не проверено
agreementSheet,Лист согласования,Талисман,Rare,wick,Фитиль,Талисман,Uncommon,Один слот — только замена,Оба предмета занимают слот «Талисман». Новый заменяет прежний; при оценке добычи связь со снимаемой вещью не учитывается.,Проектная классификация; боевое исполнение новых правил не проверено
agreementSheet,Лист согласования,Талисман,Rare,conductor,Кольцо проводника,Кольцо,Uncommon,Прямая связь эффектов,"Если оставленная земля реально собрана в последующем каскаде, она учитывается в обычном физическом триггере. Само создание земли ничего не начисляет.",Проектная классификация; боевое исполнение новых правил не проверено
agreementSheet,Лист согласования,Талисман,Rare,fullBlade,Полный клинок,Оружие,Rare,Компромисс / условность,"Минус 1 водяной добычи может задержать полный цвет. Будущий земляной сбор иногда помогает другому запасу, но не гарантируется неизвестным пополнением.",Проектная классификация; боевое исполнение новых правил не проверено
agreementSheet,Лист согласования,Талисман,Rare,contractBlade,Договорной клинок,Оружие,Rare,Нет специальной связи,"Новый механизм: обычная тройка воды первой волны оставляет падающую земляную фишку. Вторая вещь имеет независимое условие; специального преобразования выхода в её триггер не заявлено. Общие правила ресурсов, барьера 6, инициативы и смерти сохраняются.",Проектная классификация; боевое исполнение новых правил не проверено
agreementSheet,Лист согласования,Талисман,Rare,veil,Плащ тени,Одежда,Rare,Тактическая связь,"Тройка сама не заряжает Тень, но созданная земля может помочь последующему 4+. Предварительный прогноз не знает случайный refill.",Проектная классификация; боевое исполнение новых правил не проверено
agreementSheet,Лист согласования,Талисман,Rare,overflowRobe,Мантия переполнения,Одежда,Rare,Компромисс / условность,Меньше первой водяной добычи означает меньше возможного перелива. Поздняя реально собранная земля может отдельно переполнить свой цвет.,Проектная классификация; боевое исполнение новых правил не проверено
agreementSheet,Лист согласования,Талисман,Rare,catalyst,Катализатор,Талисман,Rare,Один слот — только замена,Оба предмета занимают слот «Талисман». Новый заменяет прежний; при оценке добычи связь со снимаемой вещью не учитывается.,Проектная классификация; боевое исполнение новых правил не проверено
agreementSheet,Лист согласования,Талисман,Rare,mint,Монетный пресс,Кольцо,Rare,Нет специальной связи,"Новый механизм: обычная тройка воды первой волны оставляет падающую земляную фишку. Вторая вещь имеет независимое условие; специального преобразования выхода в её триггер не заявлено. Общие правила ресурсов, барьера 6, инициативы и смерти сохраняются.",Проектная классификация; боевое исполнение новых правил не проверено
agreementSheet,Лист согласования,Талисман,Rare,ward,Сухая печать,Кольцо,Rare,Нет специальной связи,"Новый механизм: обычная тройка воды первой волны оставляет падающую земляную фишку. Вторая вещь имеет независимое условие; специального преобразования выхода в её триггер не заявлено. Общие правила ресурсов, барьера 6, инициативы и смерти сохраняются.",Проектная классификация; боевое исполнение новых правил не проверено
agreementSheet,Лист согласования,Талисман,Rare,bloodInkwell,Кровавая чернильница,Кольцо,Rare,Нет специальной связи,"Новый механизм: обычная тройка воды первой волны оставляет падающую земляную фишку. Вторая вещь имеет независимое условие; специального преобразования выхода в её триггер не заявлено. Общие правила ресурсов, барьера 6, инициативы и смерти сохраняются.",Проектная классификация; боевое исполнение новых правил не проверено
agreementSheet,Лист согласования,Талисман,Rare,quarterCutter,Четвертной резак,Оружие,Very Rare,Нет специальной связи,"Новый механизм: обычная тройка воды первой волны оставляет падающую земляную фишку. Вторая вещь имеет независимое условие; специального преобразования выхода в её триггер не заявлено. Общие правила ресурсов, барьера 6, инициативы и смерти сохраняются.",Проектная классификация; боевое исполнение новых правил не проверено
agreementSheet,Лист согласования,Талисман,Rare,mirrorVest,Зеркальная жилетка,Одежда,Very Rare,Нет специальной связи,"Новый механизм: обычная тройка воды первой волны оставляет падающую земляную фишку. Вторая вещь имеет независимое условие; специального преобразования выхода в её триггер не заявлено. Общие правила ресурсов, барьера 6, инициативы и смерти сохраняются.",Проектная классификация; боевое исполнение новых правил не проверено
agreementSheet,Лист согласования,Талисман,Rare,insurance,Страховой полис,Талисман,Very Rare,Один слот — только замена,Оба предмета занимают слот «Талисман». Новый заменяет прежний; при оценке добычи связь со снимаемой вещью не учитывается.,Проектная классификация; боевое исполнение новых правил не проверено
agreementSheet,Лист согласования,Талисман,Rare,carbonPaper,Копирка,Талисман,Very Rare,Один слот — только замена,Оба предмета занимают слот «Талисман». Новый заменяет прежний; при оценке добычи связь со снимаемой вещью не учитывается.,Проектная классификация; боевое исполнение новых правил не проверено
agreementSheet,Лист согласования,Талисман,Rare,capacitor,Кольцо-конденсатор,Кольцо,Very Rare,Компромисс / условность,"Существующая готовая зарядка реагирует на настоящую подходящую цветную группу, не на оставление земли. Минус 1 добычи не является оплатой Конденсатора.",Проектная классификация; боевое исполнение новых правил не проверено
agreementSheet,Лист согласования,Талисман,Rare,directorPen,Перо директора,Оружие,Legendary,Прямая связь эффектов,"Если оставленная земля реально собрана в последующем каскаде, она учитывается в обычном физическом триггере. Само создание земли ничего не начисляет.",Проектная классификация; боевое исполнение новых правил не проверено
agreementSheet,Лист согласования,Талисман,Rare,spinningTop,Вечная юла,Талисман,Legendary,Один слот — только замена,Оба предмета занимают слот «Талисман». Новый заменяет прежний; при оценке добычи связь со снимаемой вещью не учитывается.,Проектная классификация; боевое исполнение новых правил не проверено
agreementSheet,Лист согласования,Талисман,Rare,infiniteDiploma,Диплом бесконечности,Кольцо,Legendary,Нет специальной связи,"Новый механизм: обычная тройка воды первой волны оставляет падающую земляную фишку. Вторая вещь имеет независимое условие; специального преобразования выхода в её триггер не заявлено. Общие правила ресурсов, барьера 6, инициативы и смерти сохраняются.",Проектная классификация; боевое исполнение новых правил не проверено
agreementSheet,Лист согласования,Талисман,Rare,graphite,Графитовый резец,Оружие,Common,Нет специальной связи,"Новый механизм: обычная тройка воды первой волны оставляет падающую земляную фишку. Вторая вещь имеет независимое условие; специального преобразования выхода в её триггер не заявлено. Общие правила ресурсов, барьера 6, инициативы и смерти сохраняются.",Проектная классификация; боевое исполнение новых правил не проверено
agreementSheet,Лист согласования,Талисман,Rare,cottonCuffs,Хлопковые манжеты,Одежда,Common,Общий физический триггер,"Исходные 3 воды считаются полностью, базовая мана уменьшается на 1. Созданная земля ещё не собрана; физический земляной эффект возможен лишь в последующей волне.",Проектная классификация; боевое исполнение новых правил не проверено
agreementSheet,Лист согласования,Талисман,Rare,teaBag,Чайный пакетик,Талисман,Common,Один слот — только замена,Оба предмета занимают слот «Талисман». Новый заменяет прежний; при оценке добычи связь со снимаемой вещью не учитывается.,Проектная классификация; боевое исполнение новых правил не проверено
agreementSheet,Лист согласования,Талисман,Rare,lens,Линза корректора,Кольцо,Common,Нет специальной связи,"Новый механизм: обычная тройка воды первой волны оставляет падающую земляную фишку. Вторая вещь имеет независимое условие; специального преобразования выхода в её триггер не заявлено. Общие правила ресурсов, барьера 6, инициативы и смерти сохраняются.",Проектная классификация; боевое исполнение новых правил не проверено
agreementSheet,Лист согласования,Талисман,Rare,emberKnife,Раскалённый нож,Оружие,Uncommon,Нет специальной связи,"Новый механизм: обычная тройка воды первой волны оставляет падающую земляную фишку. Вторая вещь имеет независимое условие; специального преобразования выхода в её триггер не заявлено. Общие правила ресурсов, барьера 6, инициативы и смерти сохраняются.",Проектная классификация; боевое исполнение новых правил не проверено
agreementSheet,Лист согласования,Талисман,Rare,archiveVest,Архивный жилет,Одежда,Uncommon,Нет специальной связи,"Новый механизм: обычная тройка воды первой волны оставляет падающую земляную фишку. Вторая вещь имеет независимое условие; специального преобразования выхода в её триггер не заявлено. Общие правила ресурсов, барьера 6, инициативы и смерти сохраняются.",Проектная классификация; боевое исполнение новых правил не проверено
agreementSheet,Лист согласования,Талисман,Rare,metronome,Метроном,Талисман,Uncommon,Один слот — только замена,Оба предмета занимают слот «Талисман». Новый заменяет прежний; при оценке добычи связь со снимаемой вещью не учитывается.,Проектная классификация; боевое исполнение новых правил не проверено
agreementSheet,Лист согласования,Талисман,Rare,fireSeal,Угольная печать,Кольцо,Uncommon,Нет специальной связи,"Новый механизм: обычная тройка воды первой волны оставляет падающую земляную фишку. Вторая вещь имеет независимое условие; специального преобразования выхода в её триггер не заявлено. Общие правила ресурсов, барьера 6, инициативы и смерти сохраняются.",Проектная классификация; боевое исполнение новых правил не проверено
agreementSheet,Лист согласования,Талисман,Rare,mortgage,Клинок закладной,Оружие,Rare,Нет специальной связи,"Новый механизм: обычная тройка воды первой волны оставляет падающую земляную фишку. Вторая вещь имеет независимое условие; специального преобразования выхода в её триггер не заявлено. Общие правила ресурсов, барьера 6, инициативы и смерти сохраняются.",Проектная классификация; боевое исполнение новых правил не проверено
agreementSheet,Лист согласования,Талисман,Rare,saltCoat,Соляной плащ,Одежда,Rare,Нет специальной связи,"Новый механизм: обычная тройка воды первой волны оставляет падающую земляную фишку. Вторая вещь имеет независимое условие; специального преобразования выхода в её триггер не заявлено. Общие правила ресурсов, барьера 6, инициативы и смерти сохраняются.",Проектная классификация; боевое исполнение новых правил не проверено
agreementSheet,Лист согласования,Талисман,Rare,prism,Трёхгранная призма,Талисман,Rare,Один слот — только замена,Оба предмета занимают слот «Талисман». Новый заменяет прежний; при оценке добычи связь со снимаемой вещью не учитывается.,Проектная классификация; боевое исполнение новых правил не проверено
agreementSheet,Лист согласования,Талисман,Rare,waterwheel,Водяное колесо,Кольцо,Rare,Общий физический триггер,"Исходные 3 воды считаются полностью, базовая мана уменьшается на 1. Созданная земля ещё не собрана; физический земляной эффект возможен лишь в последующей волне.",Проектная классификация; боевое исполнение новых правил не проверено
agreementSheet,Лист согласования,Талисман,Rare,glassNib,Стеклянное перо,Оружие,Very Rare,Нет специальной связи,"Новый механизм: обычная тройка воды первой волны оставляет падающую земляную фишку. Вторая вещь имеет независимое условие; специального преобразования выхода в её триггер не заявлено. Общие правила ресурсов, барьера 6, инициативы и смерти сохраняются.",Проектная классификация; боевое исполнение новых правил не проверено
agreementSheet,Лист согласования,Талисман,Rare,ledger,Долговая книга,Талисман,Very Rare,Один слот — только замена,Оба предмета занимают слот «Талисман». Новый заменяет прежний; при оценке добычи связь со снимаемой вещью не учитывается.,Проектная классификация; боевое исполнение новых правил не проверено
agreementSheet,Лист согласования,Талисман,Rare,goldenLining,Золотая подкладка,Одежда,Legendary,Нет специальной связи,"Новый механизм: обычная тройка воды первой волны оставляет падающую земляную фишку. Вторая вещь имеет независимое условие; специального преобразования выхода в её триггер не заявлено. Общие правила ресурсов, барьера 6, инициативы и смерти сохраняются.",Проектная классификация; боевое исполнение новых правил не проверено
agreementSheet,Лист согласования,Талисман,Rare,eclipseRing,Кольцо смены,Кольцо,Legendary,Нет специальной связи,"Новый механизм: обычная тройка воды первой волны оставляет падающую земляную фишку. Вторая вещь имеет независимое условие; специального преобразования выхода в её триггер не заявлено. Общие правила ресурсов, барьера 6, инициативы и смерти сохраняются.",Проектная классификация; боевое исполнение новых правил не проверено
shiftRing,Кольцо сменщика,Кольцо,Uncommon,paperKnife,Нож для бумаги,Оружие,Common,Нет специальной связи,"Новый механизм: чередование основных цветов перестановок переводит единицу добычи в прошлый цвет. Вторая вещь имеет независимое условие; специального преобразования выхода в её триггер не заявлено. Общие правила ресурсов, барьера 6, инициативы и смерти сохраняются.",Проектная классификация; боевое исполнение новых правил не проверено
shiftRing,Кольцо сменщика,Кольцо,Uncommon,stylus,Стальной стилус,Оружие,Common,Компромисс / условность,"Принятый собственный cast очищает память Сменщика даже при сопротивлении. Кольцо поддерживает последовательность перестановок, а не частое чередование swap/cast.",Проектная классификация; боевое исполнение новых правил не проверено
shiftRing,Кольцо сменщика,Кольцо,Uncommon,coat,Рабочая куртка,Одежда,Common,Нет специальной связи,"Новый механизм: чередование основных цветов перестановок переводит единицу добычи в прошлый цвет. Вторая вещь имеет независимое условие; специального преобразования выхода в её триггер не заявлено. Общие правила ресурсов, барьера 6, инициативы и смерти сохраняются.",Проектная классификация; боевое исполнение новых правил не проверено
shiftRing,Кольцо сменщика,Кольцо,Uncommon,apron,Фартук подмастерья,Одежда,Common,Нет специальной связи,"Новый механизм: чередование основных цветов перестановок переводит единицу добычи в прошлый цвет. Вторая вещь имеет независимое условие; специального преобразования выхода в её триггер не заявлено. Общие правила ресурсов, барьера 6, инициативы и смерти сохраняются.",Проектная классификация; боевое исполнение новых правил не проверено
shiftRing,Кольцо сменщика,Кольцо,Uncommon,copperClip,Медная скрепка,Талисман,Common,Нет специальной связи,"Новый механизм: чередование основных цветов перестановок переводит единицу добычи в прошлый цвет. Вторая вещь имеет независимое условие; специального преобразования выхода в её триггер не заявлено. Общие правила ресурсов, барьера 6, инициативы и смерти сохраняются.",Проектная классификация; боевое исполнение новых правил не проверено
shiftRing,Кольцо сменщика,Кольцо,Uncommon,bluePass,Синий пропуск,Талисман,Common,Нет специальной связи,"Новый механизм: чередование основных цветов перестановок переводит единицу добычи в прошлый цвет. Вторая вещь имеет независимое условие; специального преобразования выхода в её триггер не заявлено. Общие правила ресурсов, барьера 6, инициативы и смерти сохраняются.",Проектная классификация; боевое исполнение новых правил не проверено
shiftRing,Кольцо сменщика,Кольцо,Uncommon,scholar,Печать стажёра,Кольцо,Common,Один слот — только замена,Оба предмета занимают слот «Кольцо». Новый заменяет прежний; при оценке добычи связь со снимаемой вещью не учитывается.,Проектная классификация; боевое исполнение новых правил не проверено
shiftRing,Кольцо сменщика,Кольцо,Uncommon,abacus,Счётные костяшки,Кольцо,Common,Один слот — только замена,Оба предмета занимают слот «Кольцо». Новый заменяет прежний; при оценке добычи связь со снимаемой вещью не учитывается.,Проектная классификация; боевое исполнение новых правил не проверено
shiftRing,Кольцо сменщика,Кольцо,Uncommon,tideNeedle,Игла прилива,Оружие,Uncommon,Нет специальной связи,Перенаправленная единица маны не активирует требования физических фишек. Реально собранный цвет продолжает считаться обычным способом.,Проектная классификация; боевое исполнение новых правил не проверено
shiftRing,Кольцо сменщика,Кольцо,Uncommon,chargeSeal,Молоток наборщика,Оружие,Uncommon,Нет специальной связи,"Новый механизм: чередование основных цветов перестановок переводит единицу добычи в прошлый цвет. Вторая вещь имеет независимое условие; специального преобразования выхода в её триггер не заявлено. Общие правила ресурсов, барьера 6, инициативы и смерти сохраняются.",Проектная классификация; боевое исполнение новых правил не проверено
shiftRing,Кольцо сменщика,Кольцо,Uncommon,pocketVest,Карманный жилет,Одежда,Uncommon,Нет специальной связи,"Новый механизм: чередование основных цветов перестановок переводит единицу добычи в прошлый цвет. Вторая вещь имеет независимое условие; специального преобразования выхода в её триггер не заявлено. Общие правила ресурсов, барьера 6, инициативы и смерти сохраняются.",Проектная классификация; боевое исполнение новых правил не проверено
shiftRing,Кольцо сменщика,Кольцо,Uncommon,answerCloak,Плащ ответа,Одежда,Uncommon,Нет специальной связи,"Новый механизм: чередование основных цветов перестановок переводит единицу добычи в прошлый цвет. Вторая вещь имеет независимое условие; специального преобразования выхода в её триггер не заявлено. Общие правила ресурсов, барьера 6, инициативы и смерти сохраняются.",Проектная классификация; боевое исполнение новых правил не проверено
shiftRing,Кольцо сменщика,Кольцо,Uncommon,tidePurse,Кошелёк прилива,Талисман,Uncommon,Нет специальной связи,"Новый механизм: чередование основных цветов перестановок переводит единицу добычи в прошлый цвет. Вторая вещь имеет независимое условие; специального преобразования выхода в её триггер не заявлено. Общие правила ресурсов, барьера 6, инициативы и смерти сохраняются.",Проектная классификация; боевое исполнение новых правил не проверено
shiftRing,Кольцо сменщика,Кольцо,Uncommon,reservoir,Резервуар,Талисман,Uncommon,Тактическая связь,"Дополнительная вместимость может обеспечить место для перевода, но сама не заполняет запас и не меняет сумму переводимой маны.",Проектная классификация; боевое исполнение новых правил не проверено
shiftRing,Кольцо сменщика,Кольцо,Uncommon,wick,Фитиль,Талисман,Uncommon,Нет специальной связи,"Новый механизм: чередование основных цветов перестановок переводит единицу добычи в прошлый цвет. Вторая вещь имеет независимое условие; специального преобразования выхода в её триггер не заявлено. Общие правила ресурсов, барьера 6, инициативы и смерти сохраняются.",Проектная классификация; боевое исполнение новых правил не проверено
shiftRing,Кольцо сменщика,Кольцо,Uncommon,conductor,Кольцо проводника,Кольцо,Uncommon,Один слот — только замена,Оба предмета занимают слот «Кольцо». Новый заменяет прежний; при оценке добычи связь со снимаемой вещью не учитывается.,Проектная классификация; боевое исполнение новых правил не проверено
shiftRing,Кольцо сменщика,Кольцо,Uncommon,fullBlade,Полный клинок,Оружие,Rare,Компромисс / условность,"Единица переносится в прошлый цвет, что может завершить его, но отдалить заполнение текущего. Проверять оба остатка перед волной черепов.",Проектная классификация; боевое исполнение новых правил не проверено
shiftRing,Кольцо сменщика,Кольцо,Uncommon,contractBlade,Договорной клинок,Оружие,Rare,Нет специальной связи,"Новый механизм: чередование основных цветов перестановок переводит единицу добычи в прошлый цвет. Вторая вещь имеет независимое условие; специального преобразования выхода в её триггер не заявлено. Общие правила ресурсов, барьера 6, инициативы и смерти сохраняются.",Проектная классификация; боевое исполнение новых правил не проверено
shiftRing,Кольцо сменщика,Кольцо,Uncommon,veil,Плащ тени,Одежда,Rare,Нет специальной связи,"Новый механизм: чередование основных цветов перестановок переводит единицу добычи в прошлый цвет. Вторая вещь имеет независимое условие; специального преобразования выхода в её триггер не заявлено. Общие правила ресурсов, барьера 6, инициативы и смерти сохраняются.",Проектная классификация; боевое исполнение новых правил не проверено
shiftRing,Кольцо сменщика,Кольцо,Uncommon,overflowRobe,Мантия переполнения,Одежда,Rare,Компромисс / условность,"Проверка свободного места учитывает базовое начисление текущей волны, поэтому сам подарок не создаёт перелив. Более поздние отдельные подарки могут его создать; исходной маны на 1 меньше.",Проектная классификация; боевое исполнение новых правил не проверено
shiftRing,Кольцо сменщика,Кольцо,Uncommon,catalyst,Катализатор,Талисман,Rare,Компромисс / условность,"Принятый собственный cast очищает память Сменщика даже при сопротивлении. Кольцо поддерживает последовательность перестановок, а не частое чередование swap/cast.",Проектная классификация; боевое исполнение новых правил не проверено
shiftRing,Кольцо сменщика,Кольцо,Uncommon,mint,Монетный пресс,Кольцо,Rare,Один слот — только замена,Оба предмета занимают слот «Кольцо». Новый заменяет прежний; при оценке добычи связь со снимаемой вещью не учитывается.,Проектная классификация; боевое исполнение новых правил не проверено
shiftRing,Кольцо сменщика,Кольцо,Uncommon,ward,Сухая печать,Кольцо,Rare,Один слот — только замена,Оба предмета занимают слот «Кольцо». Новый заменяет прежний; при оценке добычи связь со снимаемой вещью не учитывается.,Проектная классификация; боевое исполнение новых правил не проверено
shiftRing,Кольцо сменщика,Кольцо,Uncommon,bloodInkwell,Кровавая чернильница,Кольцо,Rare,Один слот — только замена,Оба предмета занимают слот «Кольцо». Новый заменяет прежний; при оценке добычи связь со снимаемой вещью не учитывается.,Проектная классификация; боевое исполнение новых правил не проверено
shiftRing,Кольцо сменщика,Кольцо,Uncommon,quarterCutter,Четвертной резак,Оружие,Very Rare,Нет специальной связи,"Новый механизм: чередование основных цветов перестановок переводит единицу добычи в прошлый цвет. Вторая вещь имеет независимое условие; специального преобразования выхода в её триггер не заявлено. Общие правила ресурсов, барьера 6, инициативы и смерти сохраняются.",Проектная классификация; боевое исполнение новых правил не проверено
shiftRing,Кольцо сменщика,Кольцо,Uncommon,mirrorVest,Зеркальная жилетка,Одежда,Very Rare,Нет специальной связи,"Новый механизм: чередование основных цветов перестановок переводит единицу добычи в прошлый цвет. Вторая вещь имеет независимое условие; специального преобразования выхода в её триггер не заявлено. Общие правила ресурсов, барьера 6, инициативы и смерти сохраняются.",Проектная классификация; боевое исполнение новых правил не проверено
shiftRing,Кольцо сменщика,Кольцо,Uncommon,insurance,Страховой полис,Талисман,Very Rare,Нет специальной связи,"Новый механизм: чередование основных цветов перестановок переводит единицу добычи в прошлый цвет. Вторая вещь имеет независимое условие; специального преобразования выхода в её триггер не заявлено. Общие правила ресурсов, барьера 6, инициативы и смерти сохраняются.",Проектная классификация; боевое исполнение новых правил не проверено
shiftRing,Кольцо сменщика,Кольцо,Uncommon,carbonPaper,Копирка,Талисман,Very Rare,Компромисс / условность,"Принятый собственный cast очищает память Сменщика даже при сопротивлении. Кольцо поддерживает последовательность перестановок, а не частое чередование swap/cast.",Проектная классификация; боевое исполнение новых правил не проверено
shiftRing,Кольцо сменщика,Кольцо,Uncommon,capacitor,Кольцо-конденсатор,Кольцо,Very Rare,Один слот — только замена,Оба предмета занимают слот «Кольцо». Новый заменяет прежний; при оценке добычи связь со снимаемой вещью не учитывается.,Проектная классификация; боевое исполнение новых правил не проверено
shiftRing,Кольцо сменщика,Кольцо,Uncommon,directorPen,Перо директора,Оружие,Legendary,Тактическая связь,"Смена реальных цветов полезна обоим направлениям, но переводимая мана не создаёт печать/третий физический цвет. Призма требует набор внутри одного действия.",Проектная классификация; боевое исполнение новых правил не проверено
shiftRing,Кольцо сменщика,Кольцо,Uncommon,spinningTop,Вечная юла,Талисман,Legendary,Компромисс / условность,"Принятый собственный cast очищает память Сменщика даже при сопротивлении. Кольцо поддерживает последовательность перестановок, а не частое чередование swap/cast.",Проектная классификация; боевое исполнение новых правил не проверено
shiftRing,Кольцо сменщика,Кольцо,Uncommon,infiniteDiploma,Диплом бесконечности,Кольцо,Legendary,Один слот — только замена,Оба предмета занимают слот «Кольцо». Новый заменяет прежний; при оценке добычи связь со снимаемой вещью не учитывается.,Проектная классификация; боевое исполнение новых правил не проверено
shiftRing,Кольцо сменщика,Кольцо,Uncommon,graphite,Графитовый резец,Оружие,Common,Нет специальной связи,Перенаправленная единица маны не активирует требования физических фишек. Реально собранный цвет продолжает считаться обычным способом.,Проектная классификация; боевое исполнение новых правил не проверено
shiftRing,Кольцо сменщика,Кольцо,Uncommon,cottonCuffs,Хлопковые манжеты,Одежда,Common,Нет специальной связи,Перенаправленная единица маны не активирует требования физических фишек. Реально собранный цвет продолжает считаться обычным способом.,Проектная классификация; боевое исполнение новых правил не проверено
shiftRing,Кольцо сменщика,Кольцо,Uncommon,teaBag,Чайный пакетик,Талисман,Common,Нет специальной связи,"Новый механизм: чередование основных цветов перестановок переводит единицу добычи в прошлый цвет. Вторая вещь имеет независимое условие; специального преобразования выхода в её триггер не заявлено. Общие правила ресурсов, барьера 6, инициативы и смерти сохраняются.",Проектная классификация; боевое исполнение новых правил не проверено
shiftRing,Кольцо сменщика,Кольцо,Uncommon,lens,Линза корректора,Кольцо,Common,Один слот — только замена,Оба предмета занимают слот «Кольцо». Новый заменяет прежний; при оценке добычи связь со снимаемой вещью не учитывается.,Проектная классификация; боевое исполнение новых правил не проверено
shiftRing,Кольцо сменщика,Кольцо,Uncommon,emberKnife,Раскалённый нож,Оружие,Uncommon,Нет специальной связи,Перенаправленная единица маны не активирует требования физических фишек. Реально собранный цвет продолжает считаться обычным способом.,Проектная классификация; боевое исполнение новых правил не проверено
shiftRing,Кольцо сменщика,Кольцо,Uncommon,archiveVest,Архивный жилет,Одежда,Uncommon,Нет специальной связи,"Новый механизм: чередование основных цветов перестановок переводит единицу добычи в прошлый цвет. Вторая вещь имеет независимое условие; специального преобразования выхода в её триггер не заявлено. Общие правила ресурсов, барьера 6, инициативы и смерти сохраняются.",Проектная классификация; боевое исполнение новых правил не проверено
shiftRing,Кольцо сменщика,Кольцо,Uncommon,metronome,Метроном,Талисман,Uncommon,Нет специальной связи,Перенаправленная единица маны не активирует требования физических фишек. Реально собранный цвет продолжает считаться обычным способом.,Проектная классификация; боевое исполнение новых правил не проверено
shiftRing,Кольцо сменщика,Кольцо,Uncommon,fireSeal,Угольная печать,Кольцо,Uncommon,Один слот — только замена,Оба предмета занимают слот «Кольцо». Новый заменяет прежний; при оценке добычи связь со снимаемой вещью не учитывается.,Проектная классификация; боевое исполнение новых правил не проверено
shiftRing,Кольцо сменщика,Кольцо,Uncommon,mortgage,Клинок закладной,Оружие,Rare,Нет специальной связи,"Новый механизм: чередование основных цветов перестановок переводит единицу добычи в прошлый цвет. Вторая вещь имеет независимое условие; специального преобразования выхода в её триггер не заявлено. Общие правила ресурсов, барьера 6, инициативы и смерти сохраняются.",Проектная классификация; боевое исполнение новых правил не проверено
shiftRing,Кольцо сменщика,Кольцо,Uncommon,saltCoat,Соляной плащ,Одежда,Rare,Нет специальной связи,"Новый механизм: чередование основных цветов перестановок переводит единицу добычи в прошлый цвет. Вторая вещь имеет независимое условие; специального преобразования выхода в её триггер не заявлено. Общие правила ресурсов, барьера 6, инициативы и смерти сохраняются.",Проектная классификация; боевое исполнение новых правил не проверено
shiftRing,Кольцо сменщика,Кольцо,Uncommon,prism,Трёхгранная призма,Талисман,Rare,Тактическая связь,"Смена реальных цветов полезна обоим направлениям, но переводимая мана не создаёт печать/третий физический цвет. Призма требует набор внутри одного действия.",Проектная классификация; боевое исполнение новых правил не проверено
shiftRing,Кольцо сменщика,Кольцо,Uncommon,waterwheel,Водяное колесо,Кольцо,Rare,Один слот — только замена,Оба предмета занимают слот «Кольцо». Новый заменяет прежний; при оценке добычи связь со снимаемой вещью не учитывается.,Проектная классификация; боевое исполнение новых правил не проверено
shiftRing,Кольцо сменщика,Кольцо,Uncommon,glassNib,Стеклянное перо,Оружие,Very Rare,Компромисс / условность,"Принятый собственный cast очищает память Сменщика даже при сопротивлении. Кольцо поддерживает последовательность перестановок, а не частое чередование swap/cast.",Проектная классификация; боевое исполнение новых правил не проверено
shiftRing,Кольцо сменщика,Кольцо,Uncommon,ledger,Долговая книга,Талисман,Very Rare,Нет специальной связи,"Новый механизм: чередование основных цветов перестановок переводит единицу добычи в прошлый цвет. Вторая вещь имеет независимое условие; специального преобразования выхода в её триггер не заявлено. Общие правила ресурсов, барьера 6, инициативы и смерти сохраняются.",Проектная классификация; боевое исполнение новых правил не проверено
shiftRing,Кольцо сменщика,Кольцо,Uncommon,goldenLining,Золотая подкладка,Одежда,Legendary,Нет специальной связи,"Новый механизм: чередование основных цветов перестановок переводит единицу добычи в прошлый цвет. Вторая вещь имеет независимое условие; специального преобразования выхода в её триггер не заявлено. Общие правила ресурсов, барьера 6, инициативы и смерти сохраняются.",Проектная классификация; боевое исполнение новых правил не проверено
shiftRing,Кольцо сменщика,Кольцо,Uncommon,eclipseRing,Кольцо смены,Кольцо,Legendary,Один слот — только замена,Оба предмета занимают слот «Кольцо». Новый заменяет прежний; при оценке добычи связь со снимаемой вещью не учитывается.,Проектная классификация; боевое исполнение новых правил не проверено
openRing,Разомкнутое кольцо,Кольцо,Rare,paperKnife,Нож для бумаги,Оружие,Common,Нет специальной связи,"Новый механизм: меньшая вместимость и скидка первого заклинания в серии. Вторая вещь имеет независимое условие; специального преобразования выхода в её триггер не заявлено. Общие правила ресурсов, барьера 6, инициативы и смерти сохраняются.",Проектная классификация; боевое исполнение новых правил не проверено
openRing,Разомкнутое кольцо,Кольцо,Rare,stylus,Стальной стилус,Оружие,Common,Тактическая связь,"Экономия первого cast может помочь применить прежний эффект. Она не создаёт новое применение, не копирует урон и не сбрасывает восстановление или лимит серии.",Проектная классификация; боевое исполнение новых правил не проверено
openRing,Разомкнутое кольцо,Кольцо,Rare,coat,Рабочая куртка,Одежда,Common,Нет специальной связи,"Новый механизм: меньшая вместимость и скидка первого заклинания в серии. Вторая вещь имеет независимое условие; специального преобразования выхода в её триггер не заявлено. Общие правила ресурсов, барьера 6, инициативы и смерти сохраняются.",Проектная классификация; боевое исполнение новых правил не проверено
openRing,Разомкнутое кольцо,Кольцо,Rare,apron,Фартук подмастерья,Одежда,Common,Нет специальной связи,"Новый механизм: меньшая вместимость и скидка первого заклинания в серии. Вторая вещь имеет независимое условие; специального преобразования выхода в её триггер не заявлено. Общие правила ресурсов, барьера 6, инициативы и смерти сохраняются.",Проектная классификация; боевое исполнение новых правил не проверено
openRing,Разомкнутое кольцо,Кольцо,Rare,copperClip,Медная скрепка,Талисман,Common,Компромисс / условность,Меньшая вместимость делает подарки чаще избыточными; без Мантии перелив пропадает. Их подарки не являются дополнительной оплатой или physical.,Проектная классификация; боевое исполнение новых правил не проверено
openRing,Разомкнутое кольцо,Кольцо,Rare,bluePass,Синий пропуск,Талисман,Common,Тактическая связь,Стартовые +2 земли и +2 воды сохраняются полностью: уменьшенная вместимость их не обрезает. Скидка может облегчить раннее заклинание; пустой резерв не заполняется автоматически.,Проектная классификация; боевое исполнение новых правил не проверено
openRing,Разомкнутое кольцо,Кольцо,Rare,scholar,Печать стажёра,Кольцо,Common,Один слот — только замена,Оба предмета занимают слот «Кольцо». Новый заменяет прежний; при оценке добычи связь со снимаемой вещью не учитывается.,Проектная классификация; боевое исполнение новых правил не проверено
openRing,Разомкнутое кольцо,Кольцо,Rare,abacus,Счётные костяшки,Кольцо,Common,Один слот — только замена,Оба предмета занимают слот «Кольцо». Новый заменяет прежний; при оценке добычи связь со снимаемой вещью не учитывается.,Проектная классификация; боевое исполнение новых правил не проверено
openRing,Разомкнутое кольцо,Кольцо,Rare,tideNeedle,Игла прилива,Оружие,Uncommon,Нет специальной связи,"Новый механизм: меньшая вместимость и скидка первого заклинания в серии. Вторая вещь имеет независимое условие; специального преобразования выхода в её триггер не заявлено. Общие правила ресурсов, барьера 6, инициативы и смерти сохраняются.",Проектная классификация; боевое исполнение новых правил не проверено
openRing,Разомкнутое кольцо,Кольцо,Rare,chargeSeal,Молоток наборщика,Оружие,Uncommon,Нет специальной связи,"Новый механизм: меньшая вместимость и скидка первого заклинания в серии. Вторая вещь имеет независимое условие; специального преобразования выхода в её триггер не заявлено. Общие правила ресурсов, барьера 6, инициативы и смерти сохраняются.",Проектная классификация; боевое исполнение новых правил не проверено
openRing,Разомкнутое кольцо,Кольцо,Rare,pocketVest,Карманный жилет,Одежда,Uncommon,Нет специальной связи,"Новый механизм: меньшая вместимость и скидка первого заклинания в серии. Вторая вещь имеет независимое условие; специального преобразования выхода в её триггер не заявлено. Общие правила ресурсов, барьера 6, инициативы и смерти сохраняются.",Проектная классификация; боевое исполнение новых правил не проверено
openRing,Разомкнутое кольцо,Кольцо,Rare,answerCloak,Плащ ответа,Одежда,Uncommon,Нет специальной связи,"Новый механизм: меньшая вместимость и скидка первого заклинания в серии. Вторая вещь имеет независимое условие; специального преобразования выхода в её триггер не заявлено. Общие правила ресурсов, барьера 6, инициативы и смерти сохраняются.",Проектная классификация; боевое исполнение новых правил не проверено
openRing,Разомкнутое кольцо,Кольцо,Rare,tidePurse,Кошелёк прилива,Талисман,Uncommon,Нет специальной связи,"Новый механизм: меньшая вместимость и скидка первого заклинания в серии. Вторая вещь имеет независимое условие; специального преобразования выхода в её триггер не заявлено. Общие правила ресурсов, барьера 6, инициативы и смерти сохраняются.",Проектная классификация; боевое исполнение новых правил не проверено
openRing,Разомкнутое кольцо,Кольцо,Rare,reservoir,Резервуар,Талисман,Uncommon,Компромисс / условность,"Резервуар+кольцо дают 22+2×мастерство вместимости, кольцо без него 14+2×мастерство. Это компенсация объёма с более поздним заполнением, не две независимые прибавки.",Проектная классификация; боевое исполнение новых правил не проверено
openRing,Разомкнутое кольцо,Кольцо,Rare,wick,Фитиль,Талисман,Uncommon,Нет специальной связи,"Новый механизм: меньшая вместимость и скидка первого заклинания в серии. Вторая вещь имеет независимое условие; специального преобразования выхода в её триггер не заявлено. Общие правила ресурсов, барьера 6, инициативы и смерти сохраняются.",Проектная классификация; боевое исполнение новых правил не проверено
openRing,Разомкнутое кольцо,Кольцо,Rare,conductor,Кольцо проводника,Кольцо,Uncommon,Один слот — только замена,Оба предмета занимают слот «Кольцо». Новый заменяет прежний; при оценке добычи связь со снимаемой вещью не учитывается.,Проектная классификация; боевое исполнение новых правил не проверено
openRing,Разомкнутое кольцо,Кольцо,Rare,fullBlade,Полный клинок,Оружие,Rare,Прямая связь эффектов,"Меньшая вместимость раньше достигает порога полного запаса/реального перелива. Полный клинок по-прежнему тратит 2 из полного цвета, перелив требует настоящего начисления.",Проектная классификация; боевое исполнение новых правил не проверено
openRing,Разомкнутое кольцо,Кольцо,Rare,contractBlade,Договорной клинок,Оружие,Rare,Нет специальной связи,"Новый механизм: меньшая вместимость и скидка первого заклинания в серии. Вторая вещь имеет независимое условие; специального преобразования выхода в её триггер не заявлено. Общие правила ресурсов, барьера 6, инициативы и смерти сохраняются.",Проектная классификация; боевое исполнение новых правил не проверено
openRing,Разомкнутое кольцо,Кольцо,Rare,veil,Плащ тени,Одежда,Rare,Нет специальной связи,"Новый механизм: меньшая вместимость и скидка первого заклинания в серии. Вторая вещь имеет независимое условие; специального преобразования выхода в её триггер не заявлено. Общие правила ресурсов, барьера 6, инициативы и смерти сохраняются.",Проектная классификация; боевое исполнение новых правил не проверено
openRing,Разомкнутое кольцо,Кольцо,Rare,overflowRobe,Мантия переполнения,Одежда,Rare,Прямая связь эффектов,"Меньшая вместимость раньше достигает порога полного запаса/реального перелива. Полный клинок по-прежнему тратит 2 из полного цвета, перелив требует настоящего начисления.",Проектная классификация; боевое исполнение новых правил не проверено
openRing,Разомкнутое кольцо,Кольцо,Rare,catalyst,Катализатор,Талисман,Rare,Прямая связь эффектов,"Сначала скидка 1 самого дорогого базового цвета, затем оплата и возвратдо 2; фактический расход этого цвета минимум 1. Ни бесплатного spell, ни возврата сверх оплаты.",Проектная классификация; боевое исполнение новых правил не проверено
openRing,Разомкнутое кольцо,Кольцо,Rare,mint,Монетный пресс,Кольцо,Rare,Один слот — только замена,Оба предмета занимают слот «Кольцо». Новый заменяет прежний; при оценке добычи связь со снимаемой вещью не учитывается.,Проектная классификация; боевое исполнение новых правил не проверено
openRing,Разомкнутое кольцо,Кольцо,Rare,ward,Сухая печать,Кольцо,Rare,Один слот — только замена,Оба предмета занимают слот «Кольцо». Новый заменяет прежний; при оценке добычи связь со снимаемой вещью не учитывается.,Проектная классификация; боевое исполнение новых правил не проверено
openRing,Разомкнутое кольцо,Кольцо,Rare,bloodInkwell,Кровавая чернильница,Кольцо,Rare,Один слот — только замена,Оба предмета занимают слот «Кольцо». Новый заменяет прежний; при оценке добычи связь со снимаемой вещью не учитывается.,Проектная классификация; боевое исполнение новых правил не проверено
openRing,Разомкнутое кольцо,Кольцо,Rare,quarterCutter,Четвертной резак,Оружие,Very Rare,Нет специальной связи,"Новый механизм: меньшая вместимость и скидка первого заклинания в серии. Вторая вещь имеет независимое условие; специального преобразования выхода в её триггер не заявлено. Общие правила ресурсов, барьера 6, инициативы и смерти сохраняются.",Проектная классификация; боевое исполнение новых правил не проверено
openRing,Разомкнутое кольцо,Кольцо,Rare,mirrorVest,Зеркальная жилетка,Одежда,Very Rare,Нет специальной связи,"Новый механизм: меньшая вместимость и скидка первого заклинания в серии. Вторая вещь имеет независимое условие; специального преобразования выхода в её триггер не заявлено. Общие правила ресурсов, барьера 6, инициативы и смерти сохраняются.",Проектная классификация; боевое исполнение новых правил не проверено
openRing,Разомкнутое кольцо,Кольцо,Rare,insurance,Страховой полис,Талисман,Very Rare,Нет специальной связи,"Новый механизм: меньшая вместимость и скидка первого заклинания в серии. Вторая вещь имеет независимое условие; специального преобразования выхода в её триггер не заявлено. Общие правила ресурсов, барьера 6, инициативы и смерти сохраняются.",Проектная классификация; боевое исполнение новых правил не проверено
openRing,Разомкнутое кольцо,Кольцо,Rare,carbonPaper,Копирка,Талисман,Very Rare,Тактическая связь,"Экономия первого cast может помочь применить прежний эффект. Она не создаёт новое применение, не копирует урон и не сбрасывает восстановление или лимит серии.",Проектная классификация; боевое исполнение новых правил не проверено
openRing,Разомкнутое кольцо,Кольцо,Rare,capacitor,Кольцо-конденсатор,Кольцо,Very Rare,Один слот — только замена,Оба предмета занимают слот «Кольцо». Новый заменяет прежний; при оценке добычи связь со снимаемой вещью не учитывается.,Проектная классификация; боевое исполнение новых правил не проверено
openRing,Разомкнутое кольцо,Кольцо,Rare,directorPen,Перо директора,Оружие,Legendary,Нет специальной связи,"Новый механизм: меньшая вместимость и скидка первого заклинания в серии. Вторая вещь имеет независимое условие; специального преобразования выхода в её триггер не заявлено. Общие правила ресурсов, барьера 6, инициативы и смерти сохраняются.",Проектная классификация; боевое исполнение новых правил не проверено
openRing,Разомкнутое кольцо,Кольцо,Rare,spinningTop,Вечная юла,Талисман,Legendary,Тактическая связь,"Экономия первого cast может помочь применить прежний эффект. Она не создаёт новое применение, не копирует урон и не сбрасывает восстановление или лимит серии.",Проектная классификация; боевое исполнение новых правил не проверено
openRing,Разомкнутое кольцо,Кольцо,Rare,infiniteDiploma,Диплом бесконечности,Кольцо,Legendary,Один слот — только замена,Оба предмета занимают слот «Кольцо». Новый заменяет прежний; при оценке добычи связь со снимаемой вещью не учитывается.,Проектная классификация; боевое исполнение новых правил не проверено
openRing,Разомкнутое кольцо,Кольцо,Rare,graphite,Графитовый резец,Оружие,Common,Нет специальной связи,"Новый механизм: меньшая вместимость и скидка первого заклинания в серии. Вторая вещь имеет независимое условие; специального преобразования выхода в её триггер не заявлено. Общие правила ресурсов, барьера 6, инициативы и смерти сохраняются.",Проектная классификация; боевое исполнение новых правил не проверено
openRing,Разомкнутое кольцо,Кольцо,Rare,cottonCuffs,Хлопковые манжеты,Одежда,Common,Нет специальной связи,"Новый механизм: меньшая вместимость и скидка первого заклинания в серии. Вторая вещь имеет независимое условие; специального преобразования выхода в её триггер не заявлено. Общие правила ресурсов, барьера 6, инициативы и смерти сохраняются.",Проектная классификация; боевое исполнение новых правил не проверено
openRing,Разомкнутое кольцо,Кольцо,Rare,teaBag,Чайный пакетик,Талисман,Common,Компромисс / условность,Меньшая вместимость делает подарки чаще избыточными; без Мантии перелив пропадает. Их подарки не являются дополнительной оплатой или physical.,Проектная классификация; боевое исполнение новых правил не проверено
openRing,Разомкнутое кольцо,Кольцо,Rare,lens,Линза корректора,Кольцо,Common,Один слот — только замена,Оба предмета занимают слот «Кольцо». Новый заменяет прежний; при оценке добычи связь со снимаемой вещью не учитывается.,Проектная классификация; боевое исполнение новых правил не проверено
openRing,Разомкнутое кольцо,Кольцо,Rare,emberKnife,Раскалённый нож,Оружие,Uncommon,Нет специальной связи,"Новый механизм: меньшая вместимость и скидка первого заклинания в серии. Вторая вещь имеет независимое условие; специального преобразования выхода в её триггер не заявлено. Общие правила ресурсов, барьера 6, инициативы и смерти сохраняются.",Проектная классификация; боевое исполнение новых правил не проверено
openRing,Разомкнутое кольцо,Кольцо,Rare,archiveVest,Архивный жилет,Одежда,Uncommon,Нет специальной связи,"Новый механизм: меньшая вместимость и скидка первого заклинания в серии. Вторая вещь имеет независимое условие; специального преобразования выхода в её триггер не заявлено. Общие правила ресурсов, барьера 6, инициативы и смерти сохраняются.",Проектная классификация; боевое исполнение новых правил не проверено
openRing,Разомкнутое кольцо,Кольцо,Rare,metronome,Метроном,Талисман,Uncommon,Тактическая связь,"Экономия первого cast может помочь применить прежний эффект. Она не создаёт новое применение, не копирует урон и не сбрасывает восстановление или лимит серии.",Проектная классификация; боевое исполнение новых правил не проверено
openRing,Разомкнутое кольцо,Кольцо,Rare,fireSeal,Угольная печать,Кольцо,Uncommon,Один слот — только замена,Оба предмета занимают слот «Кольцо». Новый заменяет прежний; при оценке добычи связь со снимаемой вещью не учитывается.,Проектная классификация; боевое исполнение новых правил не проверено
openRing,Разомкнутое кольцо,Кольцо,Rare,mortgage,Клинок закладной,Оружие,Rare,Нет специальной связи,"Новый механизм: меньшая вместимость и скидка первого заклинания в серии. Вторая вещь имеет независимое условие; специального преобразования выхода в её триггер не заявлено. Общие правила ресурсов, барьера 6, инициативы и смерти сохраняются.",Проектная классификация; боевое исполнение новых правил не проверено
openRing,Разомкнутое кольцо,Кольцо,Rare,saltCoat,Соляной плащ,Одежда,Rare,Тактическая связь,"Экономия первого cast может помочь применить прежний эффект. Она не создаёт новое применение, не копирует урон и не сбрасывает восстановление или лимит серии.",Проектная классификация; боевое исполнение новых правил не проверено
openRing,Разомкнутое кольцо,Кольцо,Rare,prism,Трёхгранная призма,Талисман,Rare,Нет специальной связи,"Новый механизм: меньшая вместимость и скидка первого заклинания в серии. Вторая вещь имеет независимое условие; специального преобразования выхода в её триггер не заявлено. Общие правила ресурсов, барьера 6, инициативы и смерти сохраняются.",Проектная классификация; боевое исполнение новых правил не проверено
openRing,Разомкнутое кольцо,Кольцо,Rare,waterwheel,Водяное колесо,Кольцо,Rare,Один слот — только замена,Оба предмета занимают слот «Кольцо». Новый заменяет прежний; при оценке добычи связь со снимаемой вещью не учитывается.,Проектная классификация; боевое исполнение новых правил не проверено
openRing,Разомкнутое кольцо,Кольцо,Rare,glassNib,Стеклянное перо,Оружие,Very Rare,Тактическая связь,"Экономия первого cast может помочь применить прежний эффект. Она не создаёт новое применение, не копирует урон и не сбрасывает восстановление или лимит серии.",Проектная классификация; боевое исполнение новых правил не проверено
openRing,Разомкнутое кольцо,Кольцо,Rare,ledger,Долговая книга,Талисман,Very Rare,Нет специальной связи,"Новый механизм: меньшая вместимость и скидка первого заклинания в серии. Вторая вещь имеет независимое условие; специального преобразования выхода в её триггер не заявлено. Общие правила ресурсов, барьера 6, инициативы и смерти сохраняются.",Проектная классификация; боевое исполнение новых правил не проверено
openRing,Разомкнутое кольцо,Кольцо,Rare,goldenLining,Золотая подкладка,Одежда,Legendary,Нет специальной связи,"Новый механизм: меньшая вместимость и скидка первого заклинания в серии. Вторая вещь имеет независимое условие; специального преобразования выхода в её триггер не заявлено. Общие правила ресурсов, барьера 6, инициативы и смерти сохраняются.",Проектная классификация; боевое исполнение новых правил не проверено
openRing,Разомкнутое кольцо,Кольцо,Rare,eclipseRing,Кольцо смены,Кольцо,Legendary,Один слот — только замена,Оба предмета занимают слот «Кольцо». Новый заменяет прежний; при оценке добычи связь со снимаемой вещью не учитывается.,Проектная классификация; боевое исполнение новых правил не проверено
yieldRing,Кольцо уступки,Кольцо,Very Rare,paperKnife,Нож для бумаги,Оружие,Common,Нет специальной связи,"Новый механизм: добровольная передача инициативы от 4+ за ограниченный барьер. Вторая вещь имеет независимое условие; специального преобразования выхода в её триггер не заявлено. Общие правила ресурсов, барьера 6, инициативы и смерти сохраняются.",Проектная классификация; боевое исполнение новых правил не проверено
yieldRing,Кольцо уступки,Кольцо,Very Rare,stylus,Стальной стилус,Оружие,Common,Нет специальной связи,"Новый механизм: добровольная передача инициативы от 4+ за ограниченный барьер. Вторая вещь имеет независимое условие; специального преобразования выхода в её триггер не заявлено. Общие правила ресурсов, барьера 6, инициативы и смерти сохраняются.",Проектная классификация; боевое исполнение новых правил не проверено
yieldRing,Кольцо уступки,Кольцо,Very Rare,coat,Рабочая куртка,Одежда,Common,Нет специальной связи,"Новый механизм: добровольная передача инициативы от 4+ за ограниченный барьер. Вторая вещь имеет независимое условие; специального преобразования выхода в её триггер не заявлено. Общие правила ресурсов, барьера 6, инициативы и смерти сохраняются.",Проектная классификация; боевое исполнение новых правил не проверено
yieldRing,Кольцо уступки,Кольцо,Very Rare,apron,Фартук подмастерья,Одежда,Common,Компромисс / условность,Уже имеющийся барьер уменьшает фактическую награду уступки. Это не 5 сверх лимита 6; при барьере≥5 выбора нет.,Проектная классификация; боевое исполнение новых правил не проверено
yieldRing,Кольцо уступки,Кольцо,Very Rare,copperClip,Медная скрепка,Талисман,Common,Нет специальной связи,"Новый механизм: добровольная передача инициативы от 4+ за ограниченный барьер. Вторая вещь имеет независимое условие; специального преобразования выхода в её триггер не заявлено. Общие правила ресурсов, барьера 6, инициативы и смерти сохраняются.",Проектная классификация; боевое исполнение новых правил не проверено
yieldRing,Кольцо уступки,Кольцо,Very Rare,bluePass,Синий пропуск,Талисман,Common,Нет специальной связи,"Новый механизм: добровольная передача инициативы от 4+ за ограниченный барьер. Вторая вещь имеет независимое условие; специального преобразования выхода в её триггер не заявлено. Общие правила ресурсов, барьера 6, инициативы и смерти сохраняются.",Проектная классификация; боевое исполнение новых правил не проверено
yieldRing,Кольцо уступки,Кольцо,Very Rare,scholar,Печать стажёра,Кольцо,Common,Один слот — только замена,Оба предмета занимают слот «Кольцо». Новый заменяет прежний; при оценке добычи связь со снимаемой вещью не учитывается.,Проектная классификация; боевое исполнение новых правил не проверено
yieldRing,Кольцо уступки,Кольцо,Very Rare,abacus,Счётные костяшки,Кольцо,Common,Один слот — только замена,Оба предмета занимают слот «Кольцо». Новый заменяет прежний; при оценке добычи связь со снимаемой вещью не учитывается.,Проектная классификация; боевое исполнение новых правил не проверено
yieldRing,Кольцо уступки,Кольцо,Very Rare,tideNeedle,Игла прилива,Оружие,Uncommon,Нет специальной связи,"Новый механизм: добровольная передача инициативы от 4+ за ограниченный барьер. Вторая вещь имеет независимое условие; специального преобразования выхода в её триггер не заявлено. Общие правила ресурсов, барьера 6, инициативы и смерти сохраняются.",Проектная классификация; боевое исполнение новых правил не проверено
yieldRing,Кольцо уступки,Кольцо,Very Rare,chargeSeal,Молоток наборщика,Оружие,Uncommon,Нет специальной связи,"Новый механизм: добровольная передача инициативы от 4+ за ограниченный барьер. Вторая вещь имеет независимое условие; специального преобразования выхода в её триггер не заявлено. Общие правила ресурсов, барьера 6, инициативы и смерти сохраняются.",Проектная классификация; боевое исполнение новых правил не проверено
yieldRing,Кольцо уступки,Кольцо,Very Rare,pocketVest,Карманный жилет,Одежда,Uncommon,Компромисс / условность,Уже имеющийся барьер уменьшает фактическую награду уступки. Это не 5 сверх лимита 6; при барьере≥5 выбора нет.,Проектная классификация; боевое исполнение новых правил не проверено
yieldRing,Кольцо уступки,Кольцо,Very Rare,answerCloak,Плащ ответа,Одежда,Uncommon,Компромисс / условность,"Передача хода позволяет врагу атаковать, но барьер может предотвратить потерю HP, необходимую Плащу или порогу Клинка. Нет обещания одновременно получить защиту и здоровье-плату.",Проектная классификация; боевое исполнение новых правил не проверено
yieldRing,Кольцо уступки,Кольцо,Very Rare,tidePurse,Кошелёк прилива,Талисман,Uncommon,Нет специальной связи,"Новый механизм: добровольная передача инициативы от 4+ за ограниченный барьер. Вторая вещь имеет независимое условие; специального преобразования выхода в её триггер не заявлено. Общие правила ресурсов, барьера 6, инициативы и смерти сохраняются.",Проектная классификация; боевое исполнение новых правил не проверено
yieldRing,Кольцо уступки,Кольцо,Very Rare,reservoir,Резервуар,Талисман,Uncommon,Нет специальной связи,"Новый механизм: добровольная передача инициативы от 4+ за ограниченный барьер. Вторая вещь имеет независимое условие; специального преобразования выхода в её триггер не заявлено. Общие правила ресурсов, барьера 6, инициативы и смерти сохраняются.",Проектная классификация; боевое исполнение новых правил не проверено
yieldRing,Кольцо уступки,Кольцо,Very Rare,wick,Фитиль,Талисман,Uncommon,Компромисс / условность,"Огненная 4+оставляет взрывной череп. Уступка передаёт сопернику шанс забрать его, поэтому связь часто опасна, а не полезна автоматически.",Проектная классификация; боевое исполнение новых правил не проверено
yieldRing,Кольцо уступки,Кольцо,Very Rare,conductor,Кольцо проводника,Кольцо,Uncommon,Один слот — только замена,Оба предмета занимают слот «Кольцо». Новый заменяет прежний; при оценке добычи связь со снимаемой вещью не учитывается.,Проектная классификация; боевое исполнение новых правил не проверено
yieldRing,Кольцо уступки,Кольцо,Very Rare,fullBlade,Полный клинок,Оружие,Rare,Нет специальной связи,"Новый механизм: добровольная передача инициативы от 4+ за ограниченный барьер. Вторая вещь имеет независимое условие; специального преобразования выхода в её триггер не заявлено. Общие правила ресурсов, барьера 6, инициативы и смерти сохраняются.",Проектная классификация; боевое исполнение новых правил не проверено
yieldRing,Кольцо уступки,Кольцо,Very Rare,contractBlade,Договорной клинок,Оружие,Rare,Компромисс / условность,"Передача хода позволяет врагу атаковать, но барьер может предотвратить потерю HP, необходимую Плащу или порогу Клинка. Нет обещания одновременно получить защиту и здоровье-плату.",Проектная классификация; боевое исполнение новых правил не проверено
yieldRing,Кольцо уступки,Кольцо,Very Rare,veil,Плащ тени,Одежда,Rare,Тактическая связь,"Если Тень ещё не потрачена на черепа внутри этой перестановки, уступка сохраняет оставшийся срок. Уступка не создаёт и не восстанавливает заряд, а подготовленное поле переходит врагу.",Проектная классификация; боевое исполнение новых правил не проверено
yieldRing,Кольцо уступки,Кольцо,Very Rare,overflowRobe,Мантия переполнения,Одежда,Rare,Компромисс / условность,Уже имеющийся барьер уменьшает фактическую награду уступки. Это не 5 сверх лимита 6; при барьере≥5 выбора нет.,Проектная классификация; боевое исполнение новых правил не проверено
yieldRing,Кольцо уступки,Кольцо,Very Rare,catalyst,Катализатор,Талисман,Rare,Нет специальной связи,"Новый механизм: добровольная передача инициативы от 4+ за ограниченный барьер. Вторая вещь имеет независимое условие; специального преобразования выхода в её триггер не заявлено. Общие правила ресурсов, барьера 6, инициативы и смерти сохраняются.",Проектная классификация; боевое исполнение новых правил не проверено
yieldRing,Кольцо уступки,Кольцо,Very Rare,mint,Монетный пресс,Кольцо,Rare,Один слот — только замена,Оба предмета занимают слот «Кольцо». Новый заменяет прежний; при оценке добычи связь со снимаемой вещью не учитывается.,Проектная классификация; боевое исполнение новых правил не проверено
yieldRing,Кольцо уступки,Кольцо,Very Rare,ward,Сухая печать,Кольцо,Rare,Один слот — только замена,Оба предмета занимают слот «Кольцо». Новый заменяет прежний; при оценке добычи связь со снимаемой вещью не учитывается.,Проектная классификация; боевое исполнение новых правил не проверено
yieldRing,Кольцо уступки,Кольцо,Very Rare,bloodInkwell,Кровавая чернильница,Кольцо,Rare,Один слот — только замена,Оба предмета занимают слот «Кольцо». Новый заменяет прежний; при оценке добычи связь со снимаемой вещью не учитывается.,Проектная классификация; боевое исполнение новых правил не проверено
yieldRing,Кольцо уступки,Кольцо,Very Rare,quarterCutter,Четвертной резак,Оружие,Very Rare,Нет специальной связи,"Новый механизм: добровольная передача инициативы от 4+ за ограниченный барьер. Вторая вещь имеет независимое условие; специального преобразования выхода в её триггер не заявлено. Общие правила ресурсов, барьера 6, инициативы и смерти сохраняются.",Проектная классификация; боевое исполнение новых правил не проверено
yieldRing,Кольцо уступки,Кольцо,Very Rare,mirrorVest,Зеркальная жилетка,Одежда,Very Rare,Прямая связь эффектов,"Уступка может дать барьер для отражения, общий предел 6, отражение 3/действие врага. Враг вправе не атаковать; старая выдача 2 Жилетки учитывается до предложения.",Проектная классификация; боевое исполнение новых правил не проверено
yieldRing,Кольцо уступки,Кольцо,Very Rare,insurance,Страховой полис,Талисман,Very Rare,Компромисс / условность,Уже имеющийся барьер уменьшает фактическую награду уступки. Это не 5 сверх лимита 6; при барьере≥5 выбора нет.,Проектная классификация; боевое исполнение новых правил не проверено
yieldRing,Кольцо уступки,Кольцо,Very Rare,carbonPaper,Копирка,Талисман,Very Rare,Нет специальной связи,"Новый механизм: добровольная передача инициативы от 4+ за ограниченный барьер. Вторая вещь имеет независимое условие; специального преобразования выхода в её триггер не заявлено. Общие правила ресурсов, барьера 6, инициативы и смерти сохраняются.",Проектная классификация; боевое исполнение новых правил не проверено
yieldRing,Кольцо уступки,Кольцо,Very Rare,capacitor,Кольцо-конденсатор,Кольцо,Very Rare,Один слот — только замена,Оба предмета занимают слот «Кольцо». Новый заменяет прежний; при оценке добычи связь со снимаемой вещью не учитывается.,Проектная классификация; боевое исполнение новых правил не проверено
yieldRing,Кольцо уступки,Кольцо,Very Rare,directorPen,Перо директора,Оружие,Legendary,Компромисс / условность,Цветовые эффекты могут заранее заполнить барьер и уменьшить пользу уступки. Показывать фактическую прибавку; при барьере≥5 обмен не предлагается.,Проектная классификация; боевое исполнение новых правил не проверено
yieldRing,Кольцо уступки,Кольцо,Very Rare,spinningTop,Вечная юла,Талисман,Legendary,Компромисс / условность,При естественной 4+ Юла не расходуется. Явная уступка не включает её заново; готовый заряд остаётся на потом. Настоящий ответ врага обновляет прежний лимит серии.,Проектная классификация; боевое исполнение новых правил не проверено
yieldRing,Кольцо уступки,Кольцо,Very Rare,infiniteDiploma,Диплом бесконечности,Кольцо,Legendary,Один слот — только замена,Оба предмета занимают слот «Кольцо». Новый заменяет прежний; при оценке добычи связь со снимаемой вещью не учитывается.,Проектная классификация; боевое исполнение новых правил не проверено
yieldRing,Кольцо уступки,Кольцо,Very Rare,graphite,Графитовый резец,Оружие,Common,Нет специальной связи,"Новый механизм: добровольная передача инициативы от 4+ за ограниченный барьер. Вторая вещь имеет независимое условие; специального преобразования выхода в её триггер не заявлено. Общие правила ресурсов, барьера 6, инициативы и смерти сохраняются.",Проектная классификация; боевое исполнение новых правил не проверено
yieldRing,Кольцо уступки,Кольцо,Very Rare,cottonCuffs,Хлопковые манжеты,Одежда,Common,Нет специальной связи,"Новый механизм: добровольная передача инициативы от 4+ за ограниченный барьер. Вторая вещь имеет независимое условие; специального преобразования выхода в её триггер не заявлено. Общие правила ресурсов, барьера 6, инициативы и смерти сохраняются.",Проектная классификация; боевое исполнение новых правил не проверено
yieldRing,Кольцо уступки,Кольцо,Very Rare,teaBag,Чайный пакетик,Талисман,Common,Нет специальной связи,"Новый механизм: добровольная передача инициативы от 4+ за ограниченный барьер. Вторая вещь имеет независимое условие; специального преобразования выхода в её триггер не заявлено. Общие правила ресурсов, барьера 6, инициативы и смерти сохраняются.",Проектная классификация; боевое исполнение новых правил не проверено
yieldRing,Кольцо уступки,Кольцо,Very Rare,lens,Линза корректора,Кольцо,Common,Один слот — только замена,Оба предмета занимают слот «Кольцо». Новый заменяет прежний; при оценке добычи связь со снимаемой вещью не учитывается.,Проектная классификация; боевое исполнение новых правил не проверено
yieldRing,Кольцо уступки,Кольцо,Very Rare,emberKnife,Раскалённый нож,Оружие,Uncommon,Нет специальной связи,"Новый механизм: добровольная передача инициативы от 4+ за ограниченный барьер. Вторая вещь имеет независимое условие; специального преобразования выхода в её триггер не заявлено. Общие правила ресурсов, барьера 6, инициативы и смерти сохраняются.",Проектная классификация; боевое исполнение новых правил не проверено
yieldRing,Кольцо уступки,Кольцо,Very Rare,archiveVest,Архивный жилет,Одежда,Uncommon,Компромисс / условность,Уже имеющийся барьер уменьшает фактическую награду уступки. Это не 5 сверх лимита 6; при барьере≥5 выбора нет.,Проектная классификация; боевое исполнение новых правил не проверено
yieldRing,Кольцо уступки,Кольцо,Very Rare,metronome,Метроном,Талисман,Uncommon,Нет специальной связи,"Новый механизм: добровольная передача инициативы от 4+ за ограниченный барьер. Вторая вещь имеет независимое условие; специального преобразования выхода в её триггер не заявлено. Общие правила ресурсов, барьера 6, инициативы и смерти сохраняются.",Проектная классификация; боевое исполнение новых правил не проверено
yieldRing,Кольцо уступки,Кольцо,Very Rare,fireSeal,Угольная печать,Кольцо,Uncommon,Один слот — только замена,Оба предмета занимают слот «Кольцо». Новый заменяет прежний; при оценке добычи связь со снимаемой вещью не учитывается.,Проектная классификация; боевое исполнение новых правил не проверено
yieldRing,Кольцо уступки,Кольцо,Very Rare,mortgage,Клинок закладной,Оружие,Rare,Нет специальной связи,"Новый механизм: добровольная передача инициативы от 4+ за ограниченный барьер. Вторая вещь имеет независимое условие; специального преобразования выхода в её триггер не заявлено. Общие правила ресурсов, барьера 6, инициативы и смерти сохраняются.",Проектная классификация; боевое исполнение новых правил не проверено
yieldRing,Кольцо уступки,Кольцо,Very Rare,saltCoat,Соляной плащ,Одежда,Rare,Компромисс / условность,Уже имеющийся барьер уменьшает фактическую награду уступки. Это не 5 сверх лимита 6; при барьере≥5 выбора нет.,Проектная классификация; боевое исполнение новых правил не проверено
yieldRing,Кольцо уступки,Кольцо,Very Rare,prism,Трёхгранная призма,Талисман,Rare,Компромисс / условность,Цветовые эффекты могут заранее заполнить барьер и уменьшить пользу уступки. Показывать фактическую прибавку; при барьере≥5 обмен не предлагается.,Проектная классификация; боевое исполнение новых правил не проверено
yieldRing,Кольцо уступки,Кольцо,Very Rare,waterwheel,Водяное колесо,Кольцо,Rare,Один слот — только замена,Оба предмета занимают слот «Кольцо». Новый заменяет прежний; при оценке добычи связь со снимаемой вещью не учитывается.,Проектная классификация; боевое исполнение новых правил не проверено
yieldRing,Кольцо уступки,Кольцо,Very Rare,glassNib,Стеклянное перо,Оружие,Very Rare,Нет специальной связи,"Новый механизм: добровольная передача инициативы от 4+ за ограниченный барьер. Вторая вещь имеет независимое условие; специального преобразования выхода в её триггер не заявлено. Общие правила ресурсов, барьера 6, инициативы и смерти сохраняются.",Проектная классификация; боевое исполнение новых правил не проверено
yieldRing,Кольцо уступки,Кольцо,Very Rare,ledger,Долговая книга,Талисман,Very Rare,Нет специальной связи,"Новый механизм: добровольная передача инициативы от 4+ за ограниченный барьер. Вторая вещь имеет независимое условие; специального преобразования выхода в её триггер не заявлено. Общие правила ресурсов, барьера 6, инициативы и смерти сохраняются.",Проектная классификация; боевое исполнение новых правил не проверено
yieldRing,Кольцо уступки,Кольцо,Very Rare,goldenLining,Золотая подкладка,Одежда,Legendary,Нет специальной связи,"Новый механизм: добровольная передача инициативы от 4+ за ограниченный барьер. Вторая вещь имеет независимое условие; специального преобразования выхода в её триггер не заявлено. Общие правила ресурсов, барьера 6, инициативы и смерти сохраняются.",Проектная классификация; боевое исполнение новых правил не проверено
yieldRing,Кольцо уступки,Кольцо,Very Rare,eclipseRing,Кольцо смены,Кольцо,Legendary,Один слот — только замена,Оба предмета занимают слот «Кольцо». Новый заменяет прежний; при оценке добычи связь со снимаемой вещью не учитывается.,Проектная классификация; боевое исполнение новых правил не проверено
lastPass,Последний пропуск,Кольцо,Legendary,paperKnife,Нож для бумаги,Оружие,Common,Нет специальной связи,"Новый механизм: одна обычная тройка при малом запасе маны может сохранить инициативу. Вторая вещь имеет независимое условие; специального преобразования выхода в её триггер не заявлено. Общие правила ресурсов, барьера 6, инициативы и смерти сохраняются.",Проектная классификация; боевое исполнение новых правил не проверено
lastPass,Последний пропуск,Кольцо,Legendary,stylus,Стальной стилус,Оружие,Common,Тактическая связь,"Предшествующий cast может опустошить запас, но сам не запускает Пропуск. Нужна следующая подходящая ручная перестановка с реальной суммой≤6.",Проектная классификация; боевое исполнение новых правил не проверено
lastPass,Последний пропуск,Кольцо,Legendary,coat,Рабочая куртка,Одежда,Common,Нет специальной связи,"Новый механизм: одна обычная тройка при малом запасе маны может сохранить инициативу. Вторая вещь имеет независимое условие; специального преобразования выхода в её триггер не заявлено. Общие правила ресурсов, барьера 6, инициативы и смерти сохраняются.",Проектная классификация; боевое исполнение новых правил не проверено
lastPass,Последний пропуск,Кольцо,Legendary,apron,Фартук подмастерья,Одежда,Common,Нет специальной связи,"Новый механизм: одна обычная тройка при малом запасе маны может сохранить инициативу. Вторая вещь имеет независимое условие; специального преобразования выхода в её триггер не заявлено. Общие правила ресурсов, барьера 6, инициативы и смерти сохраняются.",Проектная классификация; боевое исполнение новых правил не проверено
lastPass,Последний пропуск,Кольцо,Legendary,copperClip,Медная скрепка,Талисман,Common,Компромисс / условность,Подаренная/стартовая мана учитывается в реальной сумме первой волны и может вывести её выше 6. При низком запасе эффект всё равно возможен.,Проектная классификация; боевое исполнение новых правил не проверено
lastPass,Последний пропуск,Кольцо,Legendary,bluePass,Синий пропуск,Талисман,Common,Компромисс / условность,Подаренная/стартовая мана учитывается в реальной сумме первой волны и может вывести её выше 6. При низком запасе эффект всё равно возможен.,Проектная классификация; боевое исполнение новых правил не проверено
lastPass,Последний пропуск,Кольцо,Legendary,scholar,Печать стажёра,Кольцо,Common,Один слот — только замена,Оба предмета занимают слот «Кольцо». Новый заменяет прежний; при оценке добычи связь со снимаемой вещью не учитывается.,Проектная классификация; боевое исполнение новых правил не проверено
lastPass,Последний пропуск,Кольцо,Legendary,abacus,Счётные костяшки,Кольцо,Common,Один слот — только замена,Оба предмета занимают слот «Кольцо». Новый заменяет прежний; при оценке добычи связь со снимаемой вещью не учитывается.,Проектная классификация; боевое исполнение новых правил не проверено
lastPass,Последний пропуск,Кольцо,Legendary,tideNeedle,Игла прилива,Оружие,Uncommon,Нет специальной связи,"Новый механизм: одна обычная тройка при малом запасе маны может сохранить инициативу. Вторая вещь имеет независимое условие; специального преобразования выхода в её триггер не заявлено. Общие правила ресурсов, барьера 6, инициативы и смерти сохраняются.",Проектная классификация; боевое исполнение новых правил не проверено
lastPass,Последний пропуск,Кольцо,Legendary,chargeSeal,Молоток наборщика,Оружие,Uncommon,Нет специальной связи,"Новый механизм: одна обычная тройка при малом запасе маны может сохранить инициативу. Вторая вещь имеет независимое условие; специального преобразования выхода в её триггер не заявлено. Общие правила ресурсов, барьера 6, инициативы и смерти сохраняются.",Проектная классификация; боевое исполнение новых правил не проверено
lastPass,Последний пропуск,Кольцо,Legendary,pocketVest,Карманный жилет,Одежда,Uncommon,Нет специальной связи,"Новый механизм: одна обычная тройка при малом запасе маны может сохранить инициативу. Вторая вещь имеет независимое условие; специального преобразования выхода в её триггер не заявлено. Общие правила ресурсов, барьера 6, инициативы и смерти сохраняются.",Проектная классификация; боевое исполнение новых правил не проверено
lastPass,Последний пропуск,Кольцо,Legendary,answerCloak,Плащ ответа,Одежда,Uncommon,Тактическая связь,"Позволяет один раз продолжить после подходящей тройки при низком запасе. Низкий HP/заряд ответа — отдельные условия, не создаваемые Пропуском.",Проектная классификация; боевое исполнение новых правил не проверено
lastPass,Последний пропуск,Кольцо,Legendary,tidePurse,Кошелёк прилива,Талисман,Uncommon,Нет специальной связи,"Новый механизм: одна обычная тройка при малом запасе маны может сохранить инициативу. Вторая вещь имеет независимое условие; специального преобразования выхода в её триггер не заявлено. Общие правила ресурсов, барьера 6, инициативы и смерти сохраняются.",Проектная классификация; боевое исполнение новых правил не проверено
lastPass,Последний пропуск,Кольцо,Legendary,reservoir,Резервуар,Талисман,Uncommon,Нет специальной связи,Вместимость и текущая сумма — разные значения. Резервуар без заполнения не мешает порогу≤6 и не активирует его.,Проектная классификация; боевое исполнение новых правил не проверено
lastPass,Последний пропуск,Кольцо,Legendary,wick,Фитиль,Талисман,Uncommon,Нет специальной связи,"Новый механизм: одна обычная тройка при малом запасе маны может сохранить инициативу. Вторая вещь имеет независимое условие; специального преобразования выхода в её триггер не заявлено. Общие правила ресурсов, барьера 6, инициативы и смерти сохраняются.",Проектная классификация; боевое исполнение новых правил не проверено
lastPass,Последний пропуск,Кольцо,Legendary,conductor,Кольцо проводника,Кольцо,Uncommon,Один слот — только замена,Оба предмета занимают слот «Кольцо». Новый заменяет прежний; при оценке добычи связь со снимаемой вещью не учитывается.,Проектная классификация; боевое исполнение новых правил не проверено
lastPass,Последний пропуск,Кольцо,Legendary,fullBlade,Полный клинок,Оружие,Rare,Компромисс / условность,"Обычно требуют разных состояний. Однако после подходящей первой волны поздний каскад может заполнить цвет для Клинка, а кандидат Пропуска сохранится. Естественное 4+ сохранит активацию Пропуска.",Проектная классификация; боевое исполнение новых правил не проверено
lastPass,Последний пропуск,Кольцо,Legendary,contractBlade,Договорной клинок,Оружие,Rare,Тактическая связь,"Позволяет один раз продолжить после подходящей тройки при низком запасе. Низкий HP/заряд ответа — отдельные условия, не создаваемые Пропуском.",Проектная классификация; боевое исполнение новых правил не проверено
lastPass,Последний пропуск,Кольцо,Legendary,veil,Плащ тени,Одежда,Rare,Нет специальной связи,"Новый механизм: одна обычная тройка при малом запасе маны может сохранить инициативу. Вторая вещь имеет независимое условие; специального преобразования выхода в её триггер не заявлено. Общие правила ресурсов, барьера 6, инициативы и смерти сохраняются.",Проектная классификация; боевое исполнение новых правил не проверено
lastPass,Последний пропуск,Кольцо,Legendary,overflowRobe,Мантия переполнения,Одежда,Rare,Нет специальной связи,"Новый механизм: одна обычная тройка при малом запасе маны может сохранить инициативу. Вторая вещь имеет независимое условие; специального преобразования выхода в её триггер не заявлено. Общие правила ресурсов, барьера 6, инициативы и смерти сохраняются.",Проектная классификация; боевое исполнение новых правил не проверено
lastPass,Последний пропуск,Кольцо,Legendary,catalyst,Катализатор,Талисман,Rare,Тактическая связь,"Предшествующий cast может опустошить запас, но сам не запускает Пропуск. Нужна следующая подходящая ручная перестановка с реальной суммой≤6.",Проектная классификация; боевое исполнение новых правил не проверено
lastPass,Последний пропуск,Кольцо,Legendary,mint,Монетный пресс,Кольцо,Rare,Один слот — только замена,Оба предмета занимают слот «Кольцо». Новый заменяет прежний; при оценке добычи связь со снимаемой вещью не учитывается.,Проектная классификация; боевое исполнение новых правил не проверено
lastPass,Последний пропуск,Кольцо,Legendary,ward,Сухая печать,Кольцо,Rare,Один слот — только замена,Оба предмета занимают слот «Кольцо». Новый заменяет прежний; при оценке добычи связь со снимаемой вещью не учитывается.,Проектная классификация; боевое исполнение новых правил не проверено
lastPass,Последний пропуск,Кольцо,Legendary,bloodInkwell,Кровавая чернильница,Кольцо,Rare,Один слот — только замена,Оба предмета занимают слот «Кольцо». Новый заменяет прежний; при оценке добычи связь со снимаемой вещью не учитывается.,Проектная классификация; боевое исполнение новых правил не проверено
lastPass,Последний пропуск,Кольцо,Legendary,quarterCutter,Четвертной резак,Оружие,Very Rare,Нет специальной связи,"Новый механизм: одна обычная тройка при малом запасе маны может сохранить инициативу. Вторая вещь имеет независимое условие; специального преобразования выхода в её триггер не заявлено. Общие правила ресурсов, барьера 6, инициативы и смерти сохраняются.",Проектная классификация; боевое исполнение новых правил не проверено
lastPass,Последний пропуск,Кольцо,Legendary,mirrorVest,Зеркальная жилетка,Одежда,Very Rare,Нет специальной связи,"Новый механизм: одна обычная тройка при малом запасе маны может сохранить инициативу. Вторая вещь имеет независимое условие; специального преобразования выхода в её триггер не заявлено. Общие правила ресурсов, барьера 6, инициативы и смерти сохраняются.",Проектная классификация; боевое исполнение новых правил не проверено
lastPass,Последний пропуск,Кольцо,Legendary,insurance,Страховой полис,Талисман,Very Rare,Нет специальной связи,"Новый механизм: одна обычная тройка при малом запасе маны может сохранить инициативу. Вторая вещь имеет независимое условие; специального преобразования выхода в её триггер не заявлено. Общие правила ресурсов, барьера 6, инициативы и смерти сохраняются.",Проектная классификация; боевое исполнение новых правил не проверено
lastPass,Последний пропуск,Кольцо,Legendary,carbonPaper,Копирка,Талисман,Very Rare,Тактическая связь,"Предшествующий cast может опустошить запас, но сам не запускает Пропуск. Нужна следующая подходящая ручная перестановка с реальной суммой≤6.",Проектная классификация; боевое исполнение новых правил не проверено
lastPass,Последний пропуск,Кольцо,Legendary,capacitor,Кольцо-конденсатор,Кольцо,Very Rare,Один слот — только замена,Оба предмета занимают слот «Кольцо». Новый заменяет прежний; при оценке добычи связь со снимаемой вещью не учитывается.,Проектная классификация; боевое исполнение новых правил не проверено
lastPass,Последний пропуск,Кольцо,Legendary,directorPen,Перо директора,Оружие,Legendary,Компромисс / условность,"Полностью учитываются исходные физические эффекты первой волны и её мана. Предметный урон не отменяет порог; если бой завершился, активация Пропуска не расходуется.",Проектная классификация; боевое исполнение новых правил не проверено
lastPass,Последний пропуск,Кольцо,Legendary,spinningTop,Вечная юла,Талисман,Legendary,Компромисс / условность,"Юла проверяется раньше Пропуска. Если она уже сохраняет инициативу, Пропуск не расходуется; два эффекта не дают два сложенных extra.",Проектная классификация; боевое исполнение новых правил не проверено
lastPass,Последний пропуск,Кольцо,Legendary,infiniteDiploma,Диплом бесконечности,Кольцо,Legendary,Один слот — только замена,Оба предмета занимают слот «Кольцо». Новый заменяет прежний; при оценке добычи связь со снимаемой вещью не учитывается.,Проектная классификация; боевое исполнение новых правил не проверено
lastPass,Последний пропуск,Кольцо,Legendary,graphite,Графитовый резец,Оружие,Common,Нет специальной связи,"Новый механизм: одна обычная тройка при малом запасе маны может сохранить инициативу. Вторая вещь имеет независимое условие; специального преобразования выхода в её триггер не заявлено. Общие правила ресурсов, барьера 6, инициативы и смерти сохраняются.",Проектная классификация; боевое исполнение новых правил не проверено
lastPass,Последний пропуск,Кольцо,Legendary,cottonCuffs,Хлопковые манжеты,Одежда,Common,Тактическая связь,"Обычная водяная тройка может лечить и подготовить продолжение, только если вся первая волна оставила≤6 маны. Лечение не восстанавливает активацию кольца.",Проектная классификация; боевое исполнение новых правил не проверено
lastPass,Последний пропуск,Кольцо,Legendary,teaBag,Чайный пакетик,Талисман,Common,Компромисс / условность,Подаренная/стартовая мана учитывается в реальной сумме первой волны и может вывести её выше 6. При низком запасе эффект всё равно возможен.,Проектная классификация; боевое исполнение новых правил не проверено
lastPass,Последний пропуск,Кольцо,Legendary,lens,Линза корректора,Кольцо,Common,Один слот — только замена,Оба предмета занимают слот «Кольцо». Новый заменяет прежний; при оценке добычи связь со снимаемой вещью не учитывается.,Проектная классификация; боевое исполнение новых правил не проверено
lastPass,Последний пропуск,Кольцо,Legendary,emberKnife,Раскалённый нож,Оружие,Uncommon,Нет специальной связи,"Новый механизм: одна обычная тройка при малом запасе маны может сохранить инициативу. Вторая вещь имеет независимое условие; специального преобразования выхода в её триггер не заявлено. Общие правила ресурсов, барьера 6, инициативы и смерти сохраняются.",Проектная классификация; боевое исполнение новых правил не проверено
lastPass,Последний пропуск,Кольцо,Legendary,archiveVest,Архивный жилет,Одежда,Uncommon,Нет специальной связи,"Новый механизм: одна обычная тройка при малом запасе маны может сохранить инициативу. Вторая вещь имеет независимое условие; специального преобразования выхода в её триггер не заявлено. Общие правила ресурсов, барьера 6, инициативы и смерти сохраняются.",Проектная классификация; боевое исполнение новых правил не проверено
lastPass,Последний пропуск,Кольцо,Legendary,metronome,Метроном,Талисман,Uncommon,Тактическая связь,"Предшествующий cast может опустошить запас, но сам не запускает Пропуск. Нужна следующая подходящая ручная перестановка с реальной суммой≤6.",Проектная классификация; боевое исполнение новых правил не проверено
lastPass,Последний пропуск,Кольцо,Legendary,fireSeal,Угольная печать,Кольцо,Uncommon,Один слот — только замена,Оба предмета занимают слот «Кольцо». Новый заменяет прежний; при оценке добычи связь со снимаемой вещью не учитывается.,Проектная классификация; боевое исполнение новых правил не проверено
lastPass,Последний пропуск,Кольцо,Legendary,mortgage,Клинок закладной,Оружие,Rare,Нет специальной связи,"Новый механизм: одна обычная тройка при малом запасе маны может сохранить инициативу. Вторая вещь имеет независимое условие; специального преобразования выхода в её триггер не заявлено. Общие правила ресурсов, барьера 6, инициативы и смерти сохраняются.",Проектная классификация; боевое исполнение новых правил не проверено
lastPass,Последний пропуск,Кольцо,Legendary,saltCoat,Соляной плащ,Одежда,Rare,Тактическая связь,"Предшествующий cast может опустошить запас, но сам не запускает Пропуск. Нужна следующая подходящая ручная перестановка с реальной суммой≤6.",Проектная классификация; боевое исполнение новых правил не проверено
lastPass,Последний пропуск,Кольцо,Legendary,prism,Трёхгранная призма,Талисман,Rare,Компромисс / условность,"Полностью учитываются исходные физические эффекты первой волны и её мана. Предметный урон не отменяет порог; если бой завершился, активация Пропуска не расходуется.",Проектная классификация; боевое исполнение новых правил не проверено
lastPass,Последний пропуск,Кольцо,Legendary,waterwheel,Водяное колесо,Кольцо,Rare,Один слот — только замена,Оба предмета занимают слот «Кольцо». Новый заменяет прежний; при оценке добычи связь со снимаемой вещью не учитывается.,Проектная классификация; боевое исполнение новых правил не проверено
lastPass,Последний пропуск,Кольцо,Legendary,glassNib,Стеклянное перо,Оружие,Very Rare,Тактическая связь,"Предшествующий cast может опустошить запас, но сам не запускает Пропуск. Нужна следующая подходящая ручная перестановка с реальной суммой≤6.",Проектная классификация; боевое исполнение новых правил не проверено
lastPass,Последний пропуск,Кольцо,Legendary,ledger,Долговая книга,Талисман,Very Rare,Нет специальной связи,"Новый механизм: одна обычная тройка при малом запасе маны может сохранить инициативу. Вторая вещь имеет независимое условие; специального преобразования выхода в её триггер не заявлено. Общие правила ресурсов, барьера 6, инициативы и смерти сохраняются.",Проектная классификация; боевое исполнение новых правил не проверено
lastPass,Последний пропуск,Кольцо,Legendary,goldenLining,Золотая подкладка,Одежда,Legendary,Нет специальной связи,"Новый механизм: одна обычная тройка при малом запасе маны может сохранить инициативу. Вторая вещь имеет независимое условие; специального преобразования выхода в её триггер не заявлено. Общие правила ресурсов, барьера 6, инициативы и смерти сохраняются.",Проектная классификация; боевое исполнение новых правил не проверено
lastPass,Последний пропуск,Кольцо,Legendary,eclipseRing,Кольцо смены,Кольцо,Legendary,Один слот — только замена,Оба предмета занимают слот «Кольцо». Новый заменяет прежний; при оценке добычи связь со снимаемой вещью не учитывается.,Проектная классификация; боевое исполнение новых правил не проверено
dullPunch,Тупой дырокол,Оружие,Uncommon,auditPencil,Карандаш аудитора,Оружие,Rare,Один слот — только замена,Оба предмета занимают слот «Оружие». Новый заменяет прежний; при оценке добычи связь со снимаемой вещью не учитывается.,Проектная классификация; боевое исполнение новых правил не проверено
dullPunch,Тупой дырокол,Оружие,Uncommon,edgeSleeves,Нарукавники архивариуса,Одежда,Uncommon,Компромисс / условность,Нарукавники обрабатываются до урона черепов. Дырокол перенаправляет только помещающийся остаток базы; общий барьер не выше 6.,Проектная классификация; боевое исполнение новых правил не проверено
dullPunch,Тупой дырокол,Оружие,Uncommon,reserveLining,Подкладка запаса,Одежда,Rare,Прямая связь эффектов,Барьер Дырокола поглощается раньше Подкладки. Только при остатке входящего попадания не меньше 4 и подходящем резерве одежда оплачивает дополнительное поглощение.,Проектная классификация; боевое исполнение новых правил не проверено
dullPunch,Тупой дырокол,Оружие,Uncommon,waitingVest,Жилет ожидания,Одежда,Very Rare,Компромисс / условность,"После настоящего действия врага прежний барьер истекает. Жилет может оплатить новый, только если враг уже заработал продолжение; барьер Дырокола бесплатно не переносится.",Проектная классификация; боевое исполнение новых правил не проверено
dullPunch,Тупой дырокол,Оружие,Uncommon,exchangeCoupon,Обменный талон,Талисман,Uncommon,Нет специальной связи,"Новый механизм: обычная тройка черепов меняет базовый урон на барьер. Вторая вещь имеет независимое условие; специального преобразования выхода в её триггер не заявлено. Общие правила ресурсов, барьера 6, инициативы и смерти сохраняются.",Проектная классификация; боевое исполнение новых правил не проверено
dullPunch,Тупой дырокол,Оружие,Uncommon,safetyMagnet,Магнит для скрепок,Талисман,Rare,Прямая связь эффектов,Обезвреженный череп становится обычным и в последующей волне может войти в тройку Дырокола. В уже разрешённой волне ничего не меняется задним числом.,Проектная классификация; боевое исполнение новых правил не проверено
dullPunch,Тупой дырокол,Оружие,Uncommon,agreementSheet,Лист согласования,Талисман,Rare,Нет специальной связи,"Новый механизм: обычная тройка черепов меняет базовый урон на барьер. Вторая вещь имеет независимое условие; специального преобразования выхода в её триггер не заявлено. Общие правила ресурсов, барьера 6, инициативы и смерти сохраняются.",Проектная классификация; боевое исполнение новых правил не проверено
dullPunch,Тупой дырокол,Оружие,Uncommon,shiftRing,Кольцо сменщика,Кольцо,Uncommon,Нет специальной связи,"Новый механизм: обычная тройка черепов меняет базовый урон на барьер. Вторая вещь имеет независимое условие; специального преобразования выхода в её триггер не заявлено. Общие правила ресурсов, барьера 6, инициативы и смерти сохраняются.",Проектная классификация; боевое исполнение новых правил не проверено
dullPunch,Тупой дырокол,Оружие,Uncommon,openRing,Разомкнутое кольцо,Кольцо,Rare,Нет специальной связи,"Новый механизм: обычная тройка черепов меняет базовый урон на барьер. Вторая вещь имеет независимое условие; специального преобразования выхода в её триггер не заявлено. Общие правила ресурсов, барьера 6, инициативы и смерти сохраняются.",Проектная классификация; боевое исполнение новых правил не проверено
dullPunch,Тупой дырокол,Оружие,Uncommon,yieldRing,Кольцо уступки,Кольцо,Very Rare,Компромисс / условность,"Дырокол может заполнить барьер до решения Уступки. Уступить можно, лишь если перестановка также заработала группу 4+, а не за одну тройку.",Проектная классификация; боевое исполнение новых правил не проверено
dullPunch,Тупой дырокол,Оружие,Uncommon,lastPass,Последний пропуск,Кольцо,Legendary,Тактическая связь,"Обычная тройка черепов может дать барьер и при сумме маны не больше 6 подготовить продолжение. Если естественное продолжение уже получено, Пропуск остаётся.",Проектная классификация; боевое исполнение новых правил не проверено
auditPencil,Карандаш аудитора,Оружие,Rare,edgeSleeves,Нарукавники архивариуса,Одежда,Uncommon,Компромисс / условность,Общий остаток валовой маны тратится по порядку оружие → одежда → талисман → кольцо. Одну единицу нельзя перенаправить повторно. Физические счётчики остаются прежними.,Проектная классификация; боевое исполнение новых правил не проверено
auditPencil,Карандаш аудитора,Оружие,Rare,reserveLining,Подкладка запаса,Одежда,Rare,Нет специальной связи,"Новый механизм: стихия первой волны меняет единицу добычи на уничтожение чужой маны. Вторая вещь имеет независимое условие; специального преобразования выхода в её триггер не заявлено. Общие правила ресурсов, барьера 6, инициативы и смерти сохраняются.",Проектная классификация; боевое исполнение новых правил не проверено
auditPencil,Карандаш аудитора,Оружие,Rare,waitingVest,Жилет ожидания,Одежда,Very Rare,Нет специальной связи,"Новый механизм: стихия первой волны меняет единицу добычи на уничтожение чужой маны. Вторая вещь имеет независимое условие; специального преобразования выхода в её триггер не заявлено. Общие правила ресурсов, барьера 6, инициативы и смерти сохраняются.",Проектная классификация; боевое исполнение новых правил не проверено
auditPencil,Карандаш аудитора,Оружие,Rare,exchangeCoupon,Обменный талон,Талисман,Uncommon,Нет специальной связи,"Новый механизм: стихия первой волны меняет единицу добычи на уничтожение чужой маны. Вторая вещь имеет независимое условие; специального преобразования выхода в её триггер не заявлено. Общие правила ресурсов, барьера 6, инициативы и смерти сохраняются.",Проектная классификация; боевое исполнение новых правил не проверено
auditPencil,Карандаш аудитора,Оружие,Rare,safetyMagnet,Магнит для скрепок,Талисман,Rare,Общий физический триггер,"Обычные три воздуха первой волны могут уничтожить чужой воздух и обезвредить оставшийся череп. Магнит считает физические фишки, а не остаток начисленной маны.",Проектная классификация; боевое исполнение новых правил не проверено
auditPencil,Карандаш аудитора,Оружие,Rare,agreementSheet,Лист согласования,Талисман,Rare,Компромисс / условность,Общий остаток валовой маны тратится по порядку оружие → одежда → талисман → кольцо. Одну единицу нельзя перенаправить повторно. Физические счётчики остаются прежними.,Проектная классификация; боевое исполнение новых правил не проверено
auditPencil,Карандаш аудитора,Оружие,Rare,shiftRing,Кольцо сменщика,Кольцо,Uncommon,Компромисс / условность,Общий остаток валовой маны тратится по порядку оружие → одежда → талисман → кольцо. Одну единицу нельзя перенаправить повторно. Физические счётчики остаются прежними.,Проектная классификация; боевое исполнение новых правил не проверено
auditPencil,Карандаш аудитора,Оружие,Rare,openRing,Разомкнутое кольцо,Кольцо,Rare,Нет специальной связи,"Новый механизм: стихия первой волны меняет единицу добычи на уничтожение чужой маны. Вторая вещь имеет независимое условие; специального преобразования выхода в её триггер не заявлено. Общие правила ресурсов, барьера 6, инициативы и смерти сохраняются.",Проектная классификация; боевое исполнение новых правил не проверено
auditPencil,Карандаш аудитора,Оружие,Rare,yieldRing,Кольцо уступки,Кольцо,Very Rare,Компромисс / условность,"Можно лишить врага части цены, затем уступить ход за барьер, если заработано 4+. Безопасность не гарантирована: другие запасы и общая доска остаются противнику.",Проектная классификация; боевое исполнение новых правил не проверено
auditPencil,Карандаш аудитора,Оружие,Rare,lastPass,Последний пропуск,Кольцо,Legendary,Прямая связь эффектов,Перенаправление единицы добычи уменьшает сумму маны первой волны и иногда помогает порогу Пропуска. Уничтоженная вражеская мана герою не достаётся.,Проектная классификация; боевое исполнение новых правил не проверено
edgeSleeves,Нарукавники архивариуса,Одежда,Uncommon,reserveLining,Подкладка запаса,Одежда,Rare,Один слот — только замена,Оба предмета занимают слот «Одежда». Новый заменяет прежний; при оценке добычи связь со снимаемой вещью не учитывается.,Проектная классификация; боевое исполнение новых правил не проверено
edgeSleeves,Нарукавники архивариуса,Одежда,Uncommon,waitingVest,Жилет ожидания,Одежда,Very Rare,Один слот — только замена,Оба предмета занимают слот «Одежда». Новый заменяет прежний; при оценке добычи связь со снимаемой вещью не учитывается.,Проектная классификация; боевое исполнение новых правил не проверено
edgeSleeves,Нарукавники архивариуса,Одежда,Uncommon,exchangeCoupon,Обменный талон,Талисман,Uncommon,Нет специальной связи,"Новый механизм: обычная стихия у края первой волны меняет единицу добычи на барьер. Вторая вещь имеет независимое условие; специального преобразования выхода в её триггер не заявлено. Общие правила ресурсов, барьера 6, инициативы и смерти сохраняются.",Проектная классификация; боевое исполнение новых правил не проверено
edgeSleeves,Нарукавники архивариуса,Одежда,Uncommon,safetyMagnet,Магнит для скрепок,Талисман,Rare,Общий физический триггер,Обычная воздушная группа у края может включить обе вещи. Барьер и снятие взрывного качества не считаются дополнительным физическим воздухом.,Проектная классификация; боевое исполнение новых правил не проверено
edgeSleeves,Нарукавники архивариуса,Одежда,Uncommon,agreementSheet,Лист согласования,Талисман,Rare,Компромисс / условность,Край и другие перенаправления используют общий бюджет. Нарукавники оплачиваются раньше Листа и кольца. При нехватке поздний эффект не срабатывает и не расходует лимит.,Проектная классификация; боевое исполнение новых правил не проверено
edgeSleeves,Нарукавники архивариуса,Одежда,Uncommon,shiftRing,Кольцо сменщика,Кольцо,Uncommon,Компромисс / условность,Край и другие перенаправления используют общий бюджет. Нарукавники оплачиваются раньше Листа и кольца. При нехватке поздний эффект не срабатывает и не расходует лимит.,Проектная классификация; боевое исполнение новых правил не проверено
edgeSleeves,Нарукавники архивариуса,Одежда,Uncommon,openRing,Разомкнутое кольцо,Кольцо,Rare,Нет специальной связи,"Новый механизм: обычная стихия у края первой волны меняет единицу добычи на барьер. Вторая вещь имеет независимое условие; специального преобразования выхода в её триггер не заявлено. Общие правила ресурсов, барьера 6, инициативы и смерти сохраняются.",Проектная классификация; боевое исполнение новых правил не проверено
edgeSleeves,Нарукавники архивариуса,Одежда,Uncommon,yieldRing,Кольцо уступки,Кольцо,Very Rare,Компромисс / условность,Нарукавники могут заранее дать 3 барьера. Тогда Уступка добавит лишь 3 до предела 6. При исходном барьере не меньше 5 обмен не предлагается.,Проектная классификация; боевое исполнение новых правил не проверено
edgeSleeves,Нарукавники архивариуса,Одежда,Uncommon,lastPass,Последний пропуск,Кольцо,Legendary,Прямая связь эффектов,Перенаправление единицы маны в барьер может оставить сумму не выше 6. Барьер не входит в ману; более поздние подарки этой же первой волны входят.,Проектная классификация; боевое исполнение новых правил не проверено
reserveLining,Подкладка запаса,Одежда,Rare,waitingVest,Жилет ожидания,Одежда,Very Rare,Один слот — только замена,Оба предмета занимают слот «Одежда». Новый заменяет прежний; при оценке добычи связь со снимаемой вещью не учитывается.,Проектная классификация; боевое исполнение новых правил не проверено
reserveLining,Подкладка запаса,Одежда,Rare,exchangeCoupon,Обменный талон,Талисман,Uncommon,Компромисс / условность,Перенос может создать пригодный защитный резерв или убрать его. Подкладка выбирает реальный пригодный запас в момент входящего попадания.,Проектная классификация; боевое исполнение новых правил не проверено
reserveLining,Подкладка запаса,Одежда,Rare,safetyMagnet,Магнит для скрепок,Талисман,Rare,Нет специальной связи,"Новый механизм: большой запас оплачивает поглощение тяжёлого входящего попадания. Вторая вещь имеет независимое условие; специального преобразования выхода в её триггер не заявлено. Общие правила ресурсов, барьера 6, инициативы и смерти сохраняются.",Проектная классификация; боевое исполнение новых правил не проверено
reserveLining,Подкладка запаса,Одежда,Rare,agreementSheet,Лист согласования,Талисман,Rare,Нет специальной связи,"Новый механизм: большой запас оплачивает поглощение тяжёлого входящего попадания. Вторая вещь имеет независимое условие; специального преобразования выхода в её триггер не заявлено. Общие правила ресурсов, барьера 6, инициативы и смерти сохраняются.",Проектная классификация; боевое исполнение новых правил не проверено
reserveLining,Подкладка запаса,Одежда,Rare,shiftRing,Кольцо сменщика,Кольцо,Uncommon,Компромисс / условность,Перераспределение единицы может изменить пригодный резерв. Списание Подкладки не считается заклинанием и не очищает память кольца.,Проектная классификация; боевое исполнение новых правил не проверено
reserveLining,Подкладка запаса,Одежда,Rare,openRing,Разомкнутое кольцо,Кольцо,Rare,Прямая связь эффектов,Меньшая вместимость уменьшает абсолютный порог защитного остатка. Подкладка всё равно платит 3; кольцо не даёт скидку на эту оплату.,Проектная классификация; боевое исполнение новых правил не проверено
reserveLining,Подкладка запаса,Одежда,Rare,yieldRing,Кольцо уступки,Кольцо,Very Rare,Прямая связь эффектов,"Полученный барьер первым уменьшает входящий удар. Если осталось не меньше 4, Подкладка может оплатить защиту. Уступка не гарантирует, что враг вообще атакует.",Проектная классификация; боевое исполнение новых правил не проверено
reserveLining,Подкладка запаса,Одежда,Rare,lastPass,Последний пропуск,Кольцо,Legendary,Компромисс / условность,"Подкладке нужен большой резерв, Пропуску — малая общая сумма. Потраченная защитой мана иногда приближает порог, но это разные моменты и планы.",Проектная классификация; боевое исполнение новых правил не проверено
waitingVest,Жилет ожидания,Одежда,Very Rare,exchangeCoupon,Обменный талон,Талисман,Uncommon,Компромисс / условность,"Талон может переместить землю в другой цвет или пополнить её, поэтому оплата не гарантирована. Жилет смотрит настоящий земляной запас после действия врага.",Проектная классификация; боевое исполнение новых правил не проверено
waitingVest,Жилет ожидания,Одежда,Very Rare,safetyMagnet,Магнит для скрепок,Талисман,Rare,Нет специальной связи,"Новый механизм: земля оплачивает защиту от уже полученного врагом продолжения. Вторая вещь имеет независимое условие; специального преобразования выхода в её триггер не заявлено. Общие правила ресурсов, барьера 6, инициативы и смерти сохраняются.",Проектная классификация; боевое исполнение новых правил не проверено
waitingVest,Жилет ожидания,Одежда,Very Rare,agreementSheet,Лист согласования,Талисман,Rare,Тактическая связь,Земля поможет оплатить Жилет только после настоящего сбора. Оставленную фишку может забрать противник; в момент создания земляная мана не выдаётся.,Проектная классификация; боевое исполнение новых правил не проверено
waitingVest,Жилет ожидания,Одежда,Very Rare,shiftRing,Кольцо сменщика,Кольцо,Uncommon,Компромисс / условность,"Кольцо может направить ману в прошлый земляной цвет, но может и отвести единицу земляной добычи в другой. Жилету нужны настоящие 2 земли.",Проектная классификация; боевое исполнение новых правил не проверено
waitingVest,Жилет ожидания,Одежда,Very Rare,openRing,Разомкнутое кольцо,Кольцо,Rare,Тактическая связь,Скидка первого заклинания иногда помогает сохранить землю; меньшая вместимость ограничивает резерв. Оплата Жилета не удешевляется.,Проектная классификация; боевое исполнение новых правил не проверено
waitingVest,Жилет ожидания,Одежда,Very Rare,yieldRing,Кольцо уступки,Кольцо,Very Rare,Компромисс / условность,"Собственная Уступка не активирует Жилет: враг только получает первый ход. Если он затем сам заработает продолжение, старый барьер истечёт и Жилет сможет оплатить новый.",Проектная классификация; боевое исполнение новых правил не проверено
waitingVest,Жилет ожидания,Одежда,Very Rare,lastPass,Последний пропуск,Кольцо,Legendary,Компромисс / условность,Собственный Пропуск не активирует свой Жилет. Вражеский Пропуск является источником продолжения. Малый общий запас может оставить недостаточно земли для защиты.,Проектная классификация; боевое исполнение новых правил не проверено
exchangeCoupon,Обменный талон,Талисман,Uncommon,safetyMagnet,Магнит для скрепок,Талисман,Rare,Один слот — только замена,Оба предмета занимают слот «Талисман». Новый заменяет прежний; при оценке добычи связь со снимаемой вещью не учитывается.,Проектная классификация; боевое исполнение новых правил не проверено
exchangeCoupon,Обменный талон,Талисман,Uncommon,agreementSheet,Лист согласования,Талисман,Rare,Один слот — только замена,Оба предмета занимают слот «Талисман». Новый заменяет прежний; при оценке добычи связь со снимаемой вещью не учитывается.,Проектная классификация; боевое исполнение новых правил не проверено
exchangeCoupon,Обменный талон,Талисман,Uncommon,shiftRing,Кольцо сменщика,Кольцо,Uncommon,Компромисс / условность,"Талон меняет остатки после монет, но не память основного цвета. Талон сохраняет сумму накопленной маны; Сменщик сохраняет объём валовой добычи, но может спасти единицу от переполнения. Оба эффекта не создают физических фишек.",Проектная классификация; боевое исполнение новых правил не проверено
exchangeCoupon,Обменный талон,Талисман,Uncommon,openRing,Разомкнутое кольцо,Кольцо,Rare,Компромисс / условность,Новая вместимость меняет относительную заполненность. Перевод выбирается по одному снимку новых долей; скидки на сам перевод нет.,Проектная классификация; боевое исполнение новых правил не проверено
exchangeCoupon,Обменный талон,Талисман,Uncommon,yieldRing,Кольцо уступки,Кольцо,Very Rare,Нет специальной связи,"Новый механизм: физические монеты переводят ману между запасами без создания маны. Вторая вещь имеет независимое условие; специального преобразования выхода в её триггер не заявлено. Общие правила ресурсов, барьера 6, инициативы и смерти сохраняются.",Проектная классификация; боевое исполнение новых правил не проверено
exchangeCoupon,Обменный талон,Талисман,Uncommon,lastPass,Последний пропуск,Кольцо,Legendary,Нет специальной связи,Точный перенос двух единиц без перелива не меняет общую сумму. Он сам не помогает и не мешает порогу Пропуска; обычная добыча этой волны учитывается отдельно.,Проектная классификация; боевое исполнение новых правил не проверено
safetyMagnet,Магнит для скрепок,Талисман,Rare,agreementSheet,Лист согласования,Талисман,Rare,Один слот — только замена,Оба предмета занимают слот «Талисман». Новый заменяет прежний; при оценке добычи связь со снимаемой вещью не учитывается.,Проектная классификация; боевое исполнение новых правил не проверено
safetyMagnet,Магнит для скрепок,Талисман,Rare,shiftRing,Кольцо сменщика,Кольцо,Uncommon,Нет специальной связи,"Новый механизм: физический воздух первой волны обезвреживает один выживший взрывной череп. Вторая вещь имеет независимое условие; специального преобразования выхода в её триггер не заявлено. Общие правила ресурсов, барьера 6, инициативы и смерти сохраняются.",Проектная классификация; боевое исполнение новых правил не проверено
safetyMagnet,Магнит для скрепок,Талисман,Rare,openRing,Разомкнутое кольцо,Кольцо,Rare,Нет специальной связи,"Новый механизм: физический воздух первой волны обезвреживает один выживший взрывной череп. Вторая вещь имеет независимое условие; специального преобразования выхода в её триггер не заявлено. Общие правила ресурсов, барьера 6, инициативы и смерти сохраняются.",Проектная классификация; боевое исполнение новых правил не проверено
safetyMagnet,Магнит для скрепок,Талисман,Rare,yieldRing,Кольцо уступки,Кольцо,Very Rare,Тактическая связь,"Обезвреживание может сделать передачу поля безопаснее. Оставшиеся черепа общие; если перестановка не заработала 4+, выбора Уступки нет.",Проектная классификация; боевое исполнение новых правил не проверено
safetyMagnet,Магнит для скрепок,Талисман,Rare,lastPass,Последний пропуск,Кольцо,Legendary,Нет специальной связи,"Новый механизм: физический воздух первой волны обезвреживает один выживший взрывной череп. Вторая вещь имеет независимое условие; специального преобразования выхода в её триггер не заявлено. Общие правила ресурсов, барьера 6, инициативы и смерти сохраняются.",Проектная классификация; боевое исполнение новых правил не проверено
agreementSheet,Лист согласования,Талисман,Rare,shiftRing,Кольцо сменщика,Кольцо,Uncommon,Компромисс / условность,"Водяная тройка может оплатить Лист, затем кольцо. Земля в последующем каскаде не меняет основной цвет первой волны и память кольца.",Проектная классификация; боевое исполнение новых правил не проверено
agreementSheet,Лист согласования,Талисман,Rare,openRing,Разомкнутое кольцо,Кольцо,Rare,Компромисс / условность,Снижение добычи воды и снижение вместимости меняют разные величины. Будущая земля поможет только после сбора; новый предел сам его не вызывает.,Проектная классификация; боевое исполнение новых правил не проверено
agreementSheet,Лист согласования,Талисман,Rare,yieldRing,Кольцо уступки,Кольцо,Very Rare,Тактическая связь,"Если земля помогла каскадной группе 4+, инициативу можно уступить. Оставшуюся на поле землю может забрать враг; выгода не принадлежит только создателю.",Проектная классификация; боевое исполнение новых правил не проверено
agreementSheet,Лист согласования,Талисман,Rare,lastPass,Последний пропуск,Кольцо,Legendary,Прямая связь эффектов,Лист уменьшает водяную добычу первой волны и помогает порогу Пропуска. Земля после падения может дать 4+: тогда Пропуск не тратится. Поздняя мана снимок не пересчитывает.,Проектная классификация; боевое исполнение новых правил не проверено
shiftRing,Кольцо сменщика,Кольцо,Uncommon,openRing,Разомкнутое кольцо,Кольцо,Rare,Один слот — только замена,Оба предмета занимают слот «Кольцо». Новый заменяет прежний; при оценке добычи связь со снимаемой вещью не учитывается.,Проектная классификация; боевое исполнение новых правил не проверено
shiftRing,Кольцо сменщика,Кольцо,Uncommon,yieldRing,Кольцо уступки,Кольцо,Very Rare,Один слот — только замена,Оба предмета занимают слот «Кольцо». Новый заменяет прежний; при оценке добычи связь со снимаемой вещью не учитывается.,Проектная классификация; боевое исполнение новых правил не проверено
shiftRing,Кольцо сменщика,Кольцо,Uncommon,lastPass,Последний пропуск,Кольцо,Legendary,Один слот — только замена,Оба предмета занимают слот «Кольцо». Новый заменяет прежний; при оценке добычи связь со снимаемой вещью не учитывается.,Проектная классификация; боевое исполнение новых правил не проверено
openRing,Разомкнутое кольцо,Кольцо,Rare,yieldRing,Кольцо уступки,Кольцо,Very Rare,Один слот — только замена,Оба предмета занимают слот «Кольцо». Новый заменяет прежний; при оценке добычи связь со снимаемой вещью не учитывается.,Проектная классификация; боевое исполнение новых правил не проверено
openRing,Разомкнутое кольцо,Кольцо,Rare,lastPass,Последний пропуск,Кольцо,Legendary,Один слот — только замена,Оба предмета занимают слот «Кольцо». Новый заменяет прежний; при оценке добычи связь со снимаемой вещью не учитывается.,Проектная классификация; боевое исполнение новых правил не проверено
yieldRing,Кольцо уступки,Кольцо,Very Rare,lastPass,Последний пропуск,Кольцо,Legendary,Один слот — только замена,Оба предмета занимают слот «Кольцо». Новый заменяет прежний; при оценке добычи связь со снимаемой вещью не учитывается.,Проектная классификация; боевое исполнение новых правил не проверено
